audit_country,audit_year,level_0_code,level_0_name,level_1_code,level_1_name_ref,level_2_code,level_2_name_ref,n_records,n_extract_id,n_sources,s2yr_months_obs_median,s2yr_obs_total_median,s2yr_cloudprob_median,s2yr_ndvi_median,s2yr_ndre_median,n_no_spectral_data,n_low_months_obs,n_high_cloudprob,n_vegetation_low_ndvi,n_vegetation_low_ndre,n_nonvegetation_high_ndvi,n_rare_spectral_value,n_prior_xy_conflict,n_spectral_class_review,n_alert_high,n_alert_medium,n_alert_low,pct_no_spectral_data,pct_low_months_obs,pct_rare_spectral_value,pct_spectral_class_review,pct_alert_medium_high,class_priority_level
Belice,2018,20,Tierras húmedas y agua,21.0,Cuerpos de Agua,212.0,Cuerpos de agua artificial,41,41,1,2.0,5.0,6.5,0.2765022418532169,0.17053587821238336,0,41,0,0,0,0,6,26,41,26,3,12,0.0,100.0,14.634,100.0,70.732,alta_alertas
Costa Rica,2018,40,Tierras Forestales,44.0,Otros arbóreo en tierras no agrícola,442.0,Plantaciones forestales,120,120,1,2.0,3.0,1.125,0.8605617848422619,0.6148014585152284,0,120,0,0,0,0,17,90,120,90,30,0,0.0,100.0,14.167,100.0,100.0,alta_alertas
Honduras,2018,30,Tierras de Cultivo y Pastos,31.0,Cultivos intensivos No-Arbóreos,312.0,Bananeras,1068,1068,1,2.0,6.0,1.75,0.8575312365387231,0.653473357996508,0,1068,0,0,0,0,110,0,1068,82,28,958,0.0,100.0,10.3,100.0,10.3,media_revision
Costa Rica,2018,40,Tierras Forestales,41.0,Bosque latifoliado y mixto,411.0,Latifoliado maduro húmedo,548,548,1,2.0,3.0,1.5,0.8165105424972614,0.5777688655030802,0,548,0,0,0,0,51,248,548,248,235,65,0.0,100.0,9.307,100.0,88.139,alta_alertas
Costa Rica,2018,40,Tierras Forestales,41.0,Bosque latifoliado y mixto,412.0,Latifoliado secundario húmedo,856,856,1,2.0,6.0,1.5,0.7878148266455296,0.55883244197292,0,856,0,0,0,0,79,856,856,856,0,0,0.0,100.0,9.229,100.0,100.0,alta_alertas
Honduras,2018,30,Tierras de Cultivo y Pastos,32.0,Cultivos Arbóreos,323.0,Frutales,36,36,1,2.0,6.0,2.0,0.7784269543769395,0.5246064458704467,0,36,0,1,0,0,3,9,36,11,4,21,0.0,100.0,8.333,100.0,41.667,alta_alertas
Honduras,2018,30,Tierras de Cultivo y Pastos,31.0,Cultivos intensivos No-Arbóreos,314.0,Piña,594,594,1,2.0,5.0,5.5,0.6557609613178481,0.49750546741147916,0,594,0,29,1,0,14,0,594,14,172,408,0.0,100.0,2.357,100.0,31.313,alta_alertas
Costa Rica,2018,90,Otras,91.0,Otras,910.0,Otras,394,394,1,2.0,4.0,2.0,0.7477880043731407,0.5295373864134172,2,392,0,0,0,0,8,394,394,394,0,0,0.508,99.492,2.03,100.0,100.0,alta_alertas
Belice,2018,30,Tierras de Cultivo y Pastos,31.0,Cultivos intensivos No-Arbóreos,312.0,Bananeras,1920,1920,1,2.0,4.0,5.0,0.7237516686772494,0.5014113870890329,1,1919,0,47,8,0,38,0,1920,39,502,1379,0.052,99.948,1.979,100.0,28.177,alta_alertas
Costa Rica,2018,40,Tierras Forestales,44.0,Otros arbóreo en tierras no agrícola,443.0,Árboles fuera de bosque y otras áreas naturales,1282,1282,1,2.0,6.0,1.75,0.7187166139703378,0.5094310821857752,0,1282,0,4,0,0,15,576,1282,583,97,602,0.0,100.0,1.17,100.0,53.042,alta_alertas
Costa Rica,2018,30,Tierras de Cultivo y Pastos,33.0,"Cultivos extensivos, Pastizales y matorrales",331.0,Granos básicos y hortalizas y otros,315,315,1,2.0,6.0,2.0,0.6997479626451026,0.5145522049412763,0,315,0,1,1,0,1,242,315,204,38,73,0.0,100.0,0.317,100.0,76.825,alta_alertas
México,2018,10,Artificializado y otra tierras,11.0,Urbano,110.0,Urbano,2,2,1,0.0,0.0,,,,2,0,0,0,0,0,0,0,2,2,0,0,100.0,0.0,0.0,100.0,100.0,alta_vacios_satelitales
Nicaragua,2018,20,Tierras húmedas y agua,21.0,Cuerpos de Agua,210.0,Cuerpos de Agua,5,5,1,1.0,1.0,8.0,0.0377906976744185,0.0703562629283414,2,3,0,0,0,0,0,0,5,2,2,1,40.0,60.0,0.0,100.0,80.0,alta_vacios_satelitales
Costa Rica,2018,10,Artificializado y otra tierras,11.0,Urbano,110.0,Urbano,438,438,1,2.0,4.0,7.5,0.25161288194892134,0.16907790988277127,32,406,0,0,0,55,0,278,438,308,19,111,7.306,92.694,0.0,100.0,74.658,alta_alertas
Costa Rica,2018,30,Tierras de Cultivo y Pastos,33.0,"Cultivos extensivos, Pastizales y matorrales",332.0,Pastizales naturales y cultivados,540,540,1,2.0,4.0,1.5,0.6404201514407086,0.44333256328438847,15,525,0,2,0,0,0,244,540,244,14,282,2.778,97.222,0.0,100.0,47.778,alta_alertas
Costa Rica,2018,30,Tierras de Cultivo y Pastos,32.0,Cultivos Arbóreos,323.0,Frutales,15,15,1,3.0,6.0,1.5,0.6426307448494454,0.4829510229386237,0,15,0,0,0,0,0,0,15,0,0,15,0.0,100.0,0.0,100.0,0.0,media_revision
Costa Rica,2018,10,Artificializado y otra tierras,12.0,Otras tierras,122.0,"Suelo desnudo, arena, rocoso, lava, otros",9,9,1,2.0,3.0,2.5,0.6435668638171711,0.44141451725718317,0,9,0,0,0,7,0,9,9,9,0,0,0.0,100.0,0.0,100.0,100.0,alta_alertas
Nicaragua,2018,30,Tierras de Cultivo y Pastos,32.0,Cultivos Arbóreos,321.0,Café,8,8,1,1.0,1.0,3.25,0.8522025002929838,0.6121061353683234,0,8,0,0,0,0,0,0,8,0,8,0,0.0,100.0,0.0,100.0,100.0,alta_alertas
Costa Rica,2018,20,Tierras húmedas y agua,21.0,Cuerpos de Agua,210.0,Cuerpos de Agua,5,5,1,2.0,3.0,1.0,0.8063699633553589,0.5765221312542247,0,5,0,0,0,0,0,5,5,5,0,0,0.0,100.0,0.0,100.0,100.0,alta_alertas
Honduras,2018,30,Tierras de Cultivo y Pastos,32.0,Cultivos Arbóreos,322.0,Cacao,4,4,1,1.5,4.0,1.0,0.843765527316416,0.6318248145601244,0,4,0,0,0,0,0,3,4,3,0,1,0.0,100.0,0.0,100.0,75.0,alta_alertas
México,2018,40,Tierras Forestales,44.0,Otros arbóreo en tierras no agrícola,442.0,Plantaciones forestales,4,4,1,2.0,3.0,1.625,0.6946539634612209,0.48731828914826353,0,4,0,0,0,0,0,0,4,0,4,0,0.0,100.0,0.0,100.0,100.0,alta_alertas
Panamá,2018,30,Tierras de Cultivo y Pastos,32.0,Cultivos Arbóreos,321.0,Café,4,4,1,1.0,2.5,0.0,0.8611192529055343,0.6745655351863367,0,4,0,0,0,0,0,0,4,0,4,0,0.0,100.0,0.0,100.0,100.0,alta_alertas
Guatemala,2018,30,Tierras de Cultivo y Pastos,32.0,Cultivos Arbóreos,323.0,Frutales,3,3,1,4.0,6.0,1.0,0.5705735621342731,0.3700636851109098,0,0,0,0,0,0,0,3,3,0,3,0,0.0,0.0,0.0,100.0,100.0,alta_alertas
Guatemala,2018,40,Tierras Forestales,41.0,Bosque latifoliado y mixto,411.0,Latifoliado maduro húmedo,2,2,1,2.0,3.0,3.5,0.8680023374998429,0.6456270891403237,0,2,0,0,0,0,0,0,2,0,1,1,0.0,100.0,0.0,100.0,50.0,alta_alertas
Guatemala,2019,30,Tierras de Cultivo y Pastos,31.0,Cultivos intensivos No-Arbóreos,314.0,Piña,1,1,1,12.0,51.0,4.0,0.3208077559604809,0.24510348246943306,0,0,0,1,0,0,0,0,1,0,0,1,0.0,0.0,0.0,100.0,0.0,media_revision
Nicaragua,2018,30,Tierras de Cultivo y Pastos,33.0,"Cultivos extensivos, Pastizales y matorrales",332.0,Pastizales naturales y cultivados,1,1,1,3.0,10.0,16.0,0.84162976085031,0.6430223592906708,0,1,0,0,0,0,0,0,1,0,0,1,0.0,100.0,0.0,100.0,0.0,media_revision
Costa Rica,2018,30,Tierras de Cultivo y Pastos,32.0,Cultivos Arbóreos,321.0,Café,15704,15700,2,2.0,3.0,1.5,0.7604334208119389,0.5585967609838078,82,15515,4,87,4,0,488,43,15600,521,7740,7339,0.522,98.796,3.107,99.338,52.604,alta_alertas
Honduras,2018,40,Tierras Forestales,41.0,Bosque latifoliado y mixto,413.0,Bosque Mixto (Lat-Coniferas),872,872,1,1.0,4.0,1.0,0.7945528698818045,0.5559368565545642,19,843,0,4,0,0,30,29,863,73,368,422,2.179,96.674,3.44,98.968,50.573,alta_alertas
Guatemala,2018,30,Tierras de Cultivo y Pastos,31.0,Cultivos intensivos No-Arbóreos,313.0,Caña de azúcar,375,375,2,3.0,5.0,5.0,0.6333517393705135,0.4469644902634594,0,368,0,33,1,0,6,0,370,6,26,338,0.0,98.133,1.6,98.667,8.533,media_revision
Guatemala,2018,20,Tierras húmedas y agua,22.0,Humedales,220.0,Humedales,64,64,1,3.0,5.0,5.0,0.5368351863256615,0.35284609665358746,0,63,0,0,0,0,3,0,63,2,2,59,0.0,98.438,4.688,98.438,6.25,media_revision
Honduras,2018,40,Tierras Forestales,41.0,Bosque latifoliado y mixto,410.0,Bosque latifoliado y mixto,5765,5765,2,1.0,3.0,1.5,0.850229910225531,0.6270915532988125,476,5060,8,16,2,0,347,528,5614,1115,2624,1875,8.257,87.771,6.019,97.381,64.857,alta_alertas
Honduras,2018,10,Artificializado y otra tierras,11.0,Urbano,110.0,Urbano,262,262,1,2.0,4.0,3.5,0.4647383247106558,0.33906908335228125,1,243,0,0,0,97,0,53,255,51,126,78,0.382,92.748,0.0,97.328,67.557,alta_alertas
Guatemala,2018,30,Tierras de Cultivo y Pastos,31.0,Cultivos intensivos No-Arbóreos,315.0,Otros cultivos intensivos no arbóreos,36,36,1,4.0,12.0,2.0,0.23635898665839483,0.1713355358087857,0,2,0,30,0,0,5,2,35,2,5,28,0.0,5.556,13.889,97.222,19.444,media_revision
Honduras,2018,40,Tierras Forestales,42.0,Bosque de coníferas,420.0,Bosque de coníferas,5751,5751,2,3.0,6.0,1.0,0.7455599143248759,0.5110844771245691,247,5338,0,40,2,0,78,201,5590,498,1584,3508,4.295,92.819,1.356,97.2,36.202,alta_alertas
Belice,2018,30,Tierras de Cultivo y Pastos,31.0,Cultivos intensivos No-Arbóreos,315.0,Otros cultivos intensivos no arbóreos,3577,3577,2,2.0,2.0,7.5,0.6105519484714698,0.4205025412735312,72,3295,1,506,8,0,8,577,3473,581,2365,527,2.013,92.116,0.224,97.093,82.36,alta_alertas
Honduras,2018,30,Tierras de Cultivo y Pastos,31.0,Cultivos intensivos No-Arbóreos,311.0,Palma aceitera,32715,32715,2,1.0,4.0,3.0,0.8765697488739349,0.6804262844241267,0,31105,0,68,25,0,2479,143,31372,1624,11202,18546,0.0,95.079,7.578,95.895,39.205,alta_alertas
Honduras,2018,20,Tierras húmedas y agua,22.0,Humedales,220.0,Humedales,475,475,1,1.0,1.0,8.5,0.5592625109745392,0.3901567225735496,152,299,0,0,0,0,6,2,453,158,215,80,32.0,62.947,1.263,95.368,78.526,alta_vacios_satelitales
Honduras,2018,30,Tierras de Cultivo y Pastos,32.0,Cultivos Arbóreos,321.0,Café,66612,66612,3,2.0,4.0,1.0,0.8289512321529802,0.609169062862611,1854,61301,50,86,2,0,3873,243,63324,4904,27382,31038,2.783,92.027,5.814,95.064,48.469,alta_alertas
México,2018,40,Tierras Forestales,41.0,Bosque latifoliado y mixto,414.0,Bosque seco o deciduo,40,40,4,2.0,3.5,2.5,0.7789193773939771,0.5682357341331117,0,32,0,4,0,0,6,0,38,4,22,12,0.0,80.0,15.0,95.0,65.0,alta_valores_espectrales_raros
Belice,2018,10,Artificializado y otra tierras,11.0,Urbano,110.0,Urbano,245,245,1,3.0,4.0,9.25,0.5608646188850968,0.3954010095344924,0,206,0,0,0,128,1,53,230,46,125,59,0.0,84.082,0.408,93.878,69.796,alta_alertas
Belice,2018,40,Tierras Forestales,41.0,Bosque latifoliado y mixto,411.0,Latifoliado maduro húmedo,9028,9027,1,2.0,2.0,3.0,0.8640838361384565,0.6473726032101865,223,8197,5,6,1,0,645,2,8461,763,5934,1764,2.47,90.795,7.144,93.72,74.18,alta_alertas
Honduras,2018,30,Tierras de Cultivo y Pastos,32.0,Cultivos Arbóreos,325.0,Otros sistemas agroforestales o silvopastoriles,461,461,2,2.0,4.0,1.25,0.8291038381819229,0.6139272305112875,8,409,0,0,0,0,32,120,430,101,167,162,1.735,88.72,6.941,93.275,58.134,alta_alertas
Honduras,2018,30,Tierras de Cultivo y Pastos,33.0,"Cultivos extensivos, Pastizales y matorrales",333.0,Matorrales (barbecho o en descanso),2997,2997,2,2.0,4.0,1.0,0.6984811386236622,0.4737575476079888,90,2627,1,128,4,0,9,732,2793,697,1097,999,3.003,87.654,0.3,93.193,59.86,alta_alertas
Belice,2018,30,Tierras de Cultivo y Pastos,33.0,"Cultivos extensivos, Pastizales y matorrales",332.0,Pastizales naturales y cultivados,1364,1363,1,2.0,3.0,6.0,0.648312331954172,0.4465826144658261,19,1181,1,19,1,0,24,487,1267,429,576,262,1.393,86.584,1.76,92.889,73.68,alta_alertas
Belice,2018,10,Artificializado y otra tierras,12.0,Otras tierras,121.0,Otros artificializado,51,51,1,2.0,4.0,6.0,0.5105234228484139,0.3686087245719609,0,39,0,0,0,21,0,19,47,16,20,11,0.0,76.471,0.0,92.157,70.588,alta_alertas
Belice,2018,40,Tierras Forestales,44.0,Otros arbóreo en tierras no agrícola,443.0,Árboles fuera de bosque y otras áreas naturales,107,107,1,3.0,3.0,2.0,0.6930376851994346,0.4055352659805476,1,92,0,1,0,0,3,33,98,32,51,15,0.935,85.981,2.804,91.589,77.57,alta_alertas
Belice,2018,30,Tierras de Cultivo y Pastos,33.0,"Cultivos extensivos, Pastizales y matorrales",331.0,Granos básicos y hortalizas y otros,148,148,1,2.0,3.0,4.0,0.8303628656288402,0.5922980169597251,2,125,0,1,0,0,4,53,134,47,62,25,1.351,84.459,2.703,90.541,73.649,alta_alertas
Belice,2018,10,Artificializado y otra tierras,12.0,Otras tierras,122.0,"Suelo desnudo, arena, rocoso, lava, otros",21,21,1,3.0,4.0,7.25,0.3129971078239883,0.21888163566654553,1,18,0,0,0,3,0,8,19,9,4,6,4.762,85.714,0.0,90.476,61.905,alta_alertas
Honduras,2018,30,Tierras de Cultivo y Pastos,33.0,"Cultivos extensivos, Pastizales y matorrales",332.0,Pastizales naturales y cultivados,3140,3140,2,1.0,3.0,2.0,0.6757247622921173,0.45775929613459454,158,2600,2,107,3,0,5,670,2840,737,1166,937,5.032,82.803,0.159,90.446,60.605,alta_alertas
Honduras,2018,30,Tierras de Cultivo y Pastos,33.0,"Cultivos extensivos, Pastizales y matorrales",331.0,Granos básicos y hortalizas y otros,1144,1144,1,2.0,4.0,1.75,0.6741329273005101,0.4654928195274871,8,994,0,68,2,0,5,163,1030,135,404,491,0.699,86.888,0.437,90.035,47.115,alta_alertas
Belice,2018,40,Tierras Forestales,44.0,Otros arbóreo en tierras no agrícola,442.0,Plantaciones forestales,10,10,1,2.0,3.5,3.5,0.7187589241662393,0.48838325652841785,0,9,0,1,0,0,0,1,9,1,5,3,0.0,90.0,0.0,90.0,60.0,alta_alertas
Belice,2018,30,Tierras de Cultivo y Pastos,33.0,"Cultivos extensivos, Pastizales y matorrales",333.0,Matorrales (barbecho o en descanso),2605,2605,1,2.0,3.0,4.5,0.8046857712406605,0.5734501936001863,41,2213,2,17,0,0,119,604,2329,617,1146,566,1.574,84.952,4.568,89.405,67.678,alta_alertas
Honduras,2018,40,Tierras Forestales,41.0,Bosque latifoliado y mixto,414.0,Bosque seco o deciduo,1680,1680,1,2.0,4.0,1.0,0.7446007298311659,0.5108579565681738,9,1464,1,13,0,0,10,156,1502,148,597,757,0.536,87.143,0.595,89.405,44.345,alta_alertas
México,2018,30,Tierras de Cultivo y Pastos,31.0,Cultivos intensivos No-Arbóreos,315.0,Otros cultivos intensivos no arbóreos,37,37,3,3.0,4.0,4.0,0.6446247464503042,0.45903745453609557,0,33,0,0,0,0,0,0,33,0,17,16,0.0,89.189,0.0,89.189,45.946,alta_alertas
México,2018,40,Tierras Forestales,42.0,Bosque de coníferas,420.0,Bosque de coníferas,36,36,1,3.0,5.0,1.0,0.7639754087646826,0.5216726337676477,0,32,0,0,0,0,6,0,32,2,15,15,0.0,88.889,16.667,88.889,47.222,alta_valores_espectrales_raros
Belice,2018,20,Tierras húmedas y agua,21.0,Cuerpos de Agua,210.0,Cuerpos de Agua,194,194,1,3.0,3.5,3.5,0.11808362575697,0.07459033047696134,1,169,0,0,0,0,0,10,170,11,89,70,0.515,87.113,0.0,87.629,51.546,alta_alertas
Belice,2018,40,Tierras Forestales,44.0,Otros arbóreo en tierras no agrícola,444.0,Regeneración forestal,542,542,1,2.0,3.0,4.5,0.8458211020909543,0.6256957795545233,3,452,0,0,0,0,34,138,473,147,240,86,0.554,83.395,6.273,87.269,71.402,alta_alertas
Belice,2018,20,Tierras húmedas y agua,22.0,Humedales,220.0,Humedales,1072,1072,1,2.0,4.0,5.0,0.5363933943032185,0.35989204686730747,14,905,0,0,0,0,84,4,931,82,455,394,1.306,84.422,7.836,86.847,50.093,alta_alertas
Belice,2018,30,Tierras de Cultivo y Pastos,31.0,Cultivos intensivos No-Arbóreos,313.0,Caña de azúcar,7602,7602,1,3.0,3.0,5.5,0.6475562225291299,0.45706932549660856,0,6546,0,196,5,0,150,0,6576,133,3942,2501,0.0,86.109,1.973,86.504,53.604,alta_alertas
Belice,2018,40,Tierras Forestales,42.0,Bosque de coníferas,420.0,Bosque de coníferas,200,200,1,2.0,3.0,2.5,0.780188533306408,0.5201866963141215,2,170,0,0,0,0,6,2,173,6,121,46,1.0,85.0,3.0,86.5,63.5,alta_alertas
Belice,2018,40,Tierras Forestales,41.0,Bosque latifoliado y mixto,412.0,Latifoliado secundario húmedo,2502,2500,1,2.5,3.0,4.0,0.8503624188170873,0.629098065203102,40,2076,0,3,0,0,164,154,2159,268,1269,622,1.599,82.974,6.555,86.291,61.431,alta_alertas
Honduras,2018,30,Tierras de Cultivo y Pastos,31.0,Cultivos intensivos No-Arbóreos,315.0,Otros cultivos intensivos no arbóreos,1050,1050,2,3.0,9.0,1.0,0.5417382342837512,0.3734590282813633,0,854,0,104,1,0,2,274,906,232,111,563,0.0,81.333,0.19,86.286,32.667,alta_alertas
Guatemala,2018,10,Artificializado y otra tierras,12.0,Otras tierras,122.0,"Suelo desnudo, arena, rocoso, lava, otros",159,159,2,3.0,5.0,2.0,0.4920782851817336,0.3319118374983632,0,126,0,0,0,50,6,4,137,4,51,82,0.0,79.245,3.774,86.164,34.591,alta_alertas
Belice,2018,40,Tierras Forestales,42.0,Bosque de coníferas,423.0,Sabanas de pino,1461,1461,1,2.0,4.0,3.625,0.5496633402416284,0.38108957559516426,5,1202,0,96,1,0,23,9,1246,25,734,487,0.342,82.272,1.574,85.284,51.951,alta_alertas
México,2018,30,Tierras de Cultivo y Pastos,33.0,"Cultivos extensivos, Pastizales y matorrales",333.0,Matorrales (barbecho o en descanso),143,143,5,3.0,5.0,1.0,0.7432835820895524,0.5004233700254022,0,117,0,2,0,0,2,0,119,1,36,82,0.0,81.818,1.399,83.217,25.874,alta_alertas
El Salvador,2018,40,Tierras Forestales,44.0,Otros arbóreo en tierras no agrícola,441.0,Masa arbórea ribereña,336,336,1,4.0,12.0,1.5,0.6841546265394851,0.49656094823519814,0,3,0,0,0,0,0,275,275,3,272,0,0.0,0.893,0.0,81.845,81.845,alta_alertas
México,2018,40,Tierras Forestales,41.0,Bosque latifoliado y mixto,412.0,Latifoliado secundario húmedo,36,36,2,2.0,4.0,2.0,0.8424254246618416,0.6268536849571659,0,27,0,0,0,0,3,0,29,0,15,14,0.0,75.0,8.333,80.556,41.667,alta_alertas
Guatemala,2018,40,Tierras Forestales,44.0,Otros arbóreo en tierras no agrícola,443.0,Árboles fuera de bosque y otras áreas naturales,10,10,1,3.0,5.0,2.0,0.7422420056094303,0.49084259678109093,0,8,0,0,0,0,0,0,8,0,0,8,0.0,80.0,0.0,80.0,0.0,media_revision
Honduras,2018,10,Artificializado y otra tierras,11.0,Urbano,112.0,Urbano discontinuo,39,39,1,4.0,11.0,2.0,0.6181310152126669,0.43521759120530246,0,14,0,0,0,22,0,0,31,0,5,26,0.0,35.897,0.0,79.487,12.821,media_revision
México,2018,40,Tierras Forestales,41.0,Bosque latifoliado y mixto,410.0,Bosque latifoliado y mixto,325,324,5,3.0,4.0,2.5,0.8201037018704673,0.604017550882002,12,242,1,1,0,0,7,0,257,16,130,111,3.692,74.462,2.154,79.077,44.923,alta_alertas
El Salvador,2018,40,Tierras Forestales,44.0,Otros arbóreo en tierras no agrícola,443.0,Árboles fuera de bosque y otras áreas naturales,1622,1622,1,4.0,12.0,1.75,0.747282005137134,0.5432563676553641,0,36,0,16,0,0,59,1265,1279,82,1197,0,0.0,2.219,3.637,78.853,78.853,alta_alertas
Guatemala,2018,10,Artificializado y otra tierras,11.0,Urbano,111.0,Urbano continuo,28,28,1,3.0,5.0,3.0,0.4743360281614305,0.344744593797611,0,17,0,0,0,11,1,0,22,1,6,15,0.0,60.714,3.571,78.571,25.0,alta_alertas
El Salvador,2018,10,Artificializado y otra tierras,12.0,Otras tierras,121.0,Otros artificializado,2780,2780,1,4.0,11.0,3.25,0.6108779121747403,0.4303080036707832,0,590,0,0,0,1612,231,370,2168,239,691,1238,0.0,21.223,8.309,77.986,33.453,alta_alertas
Guatemala,2018,20,Tierras húmedas y agua,21.0,Cuerpos de Agua,211.0,Cuerpos de agua natural,22,22,1,3.0,5.0,2.0,0.0376063196718585,-0.08866520266749028,0,17,0,0,0,0,0,0,17,0,1,16,0.0,77.273,0.0,77.273,4.545,media_revision
Guatemala,2018,40,Tierras Forestales,43.0,Manglares,430.0,Manglares,57,57,1,3.0,5.0,9.0,0.7764044943820225,0.5491885194123649,0,43,0,1,0,0,5,0,44,2,3,39,0.0,75.439,8.772,77.193,8.772,media_revision
Honduras,2019,30,Tierras de Cultivo y Pastos,32.0,Cultivos Arbóreos,322.0,Cacao,4,4,1,10.5,32.0,3.5,0.8101948168670343,0.5952680993587751,0,0,0,0,0,0,0,3,3,0,3,0,0.0,0.0,0.0,75.0,75.0,alta_alertas
México,2019,10,Artificializado y otra tierras,11.0,Urbano,110.0,Urbano,4,3,1,12.0,31.0,5.5,0.7221219311731535,0.5012825454710077,0,0,0,0,0,3,0,0,3,0,0,3,0.0,0.0,0.0,75.0,0.0,media_revision
Belice,2018,40,Tierras Forestales,43.0,Manglares,430.0,Manglares,628,627,1,3.0,6.0,5.0,0.7916950306330837,0.5239248940036342,1,459,0,14,9,0,28,7,470,23,133,314,0.159,73.089,4.459,74.841,24.841,media_revision
El Salvador,2018,30,Tierras de Cultivo y Pastos,33.0,"Cultivos extensivos, Pastizales y matorrales",331.0,Granos básicos y hortalizas y otros,12814,12814,1,4.0,6.0,1.0,0.5005399562380848,0.36081189260586893,0,436,0,1748,0,0,16,8801,9590,650,8195,745,0.0,3.403,0.125,74.84,69.026,alta_alertas
México,2018,30,Tierras de Cultivo y Pastos,33.0,"Cultivos extensivos, Pastizales y matorrales",332.0,Pastizales naturales y cultivados,48,48,3,3.0,6.0,2.0,0.6373690383525232,0.4436302563990085,0,32,0,4,0,0,1,0,35,0,15,20,0.0,66.667,2.083,72.917,31.25,alta_alertas
Guatemala,2018,30,Tierras de Cultivo y Pastos,33.0,"Cultivos extensivos, Pastizales y matorrales",331.0,Granos básicos y hortalizas y otros,93,93,1,3.0,5.0,2.0,0.5202358616992763,0.3665290259897983,0,63,0,17,0,0,0,0,67,0,13,54,0.0,67.742,0.0,72.043,13.978,media_revision
El Salvador,2018,30,Tierras de Cultivo y Pastos,33.0,"Cultivos extensivos, Pastizales y matorrales",333.0,Matorrales (barbecho o en descanso),49328,49328,2,4.0,11.0,1.0,0.5867306531955746,0.4067034980133395,0,14063,0,2872,3,0,48,30281,35355,8671,22142,4542,0.0,28.509,0.097,71.673,62.466,alta_alertas
Honduras,2018,30,Tierras de Cultivo y Pastos,31.0,Cultivos intensivos No-Arbóreos,313.0,Caña de azúcar,6375,6375,2,2.0,9.0,4.0,0.7269727158735467,0.5320596458744397,0,4203,0,156,3,0,414,25,4448,195,378,3875,0.0,65.929,6.494,69.773,8.988,media_revision
El Salvador,2019,10,Artificializado y otra tierras,11.0,Urbano,112.0,Urbano discontinuo,9,9,1,12.0,75.0,2.5,0.65269429201419,0.48573890746110815,0,0,0,0,0,6,0,0,6,0,0,6,0.0,0.0,0.0,66.667,0.0,media_revision
Honduras,2020,30,Tierras de Cultivo y Pastos,32.0,Cultivos Arbóreos,322.0,Cacao,3,3,1,11.0,28.0,3.5,0.7344217183671611,0.555523880289394,0,0,0,0,0,0,0,2,2,0,2,0,0.0,0.0,0.0,66.667,66.667,alta_alertas
Honduras,2021,30,Tierras de Cultivo y Pastos,32.0,Cultivos Arbóreos,322.0,Cacao,3,3,1,12.0,39.0,2.5,0.7435764339475733,0.5347387435016301,0,0,0,0,0,0,0,2,2,0,2,0,0.0,0.0,0.0,66.667,66.667,alta_alertas
Honduras,2022,30,Tierras de Cultivo y Pastos,32.0,Cultivos Arbóreos,322.0,Cacao,3,3,1,10.0,27.0,4.0,0.8051186963615147,0.6002310125836517,0,0,0,0,0,0,0,2,2,0,2,0,0.0,0.0,0.0,66.667,66.667,alta_alertas
El Salvador,2018,20,Tierras húmedas y agua,21.0,Cuerpos de Agua,212.0,Cuerpos de agua artificial,28,28,1,4.0,12.0,2.0,0.6410946683662786,0.40653152166863105,0,0,0,0,0,0,2,16,18,0,18,0,0.0,0.0,7.143,64.286,64.286,alta_alertas
El Salvador,2018,10,Artificializado y otra tierras,11.0,Urbano,112.0,Urbano discontinuo,17140,17140,2,4.0,11.0,2.0,0.49611574596632085,0.3598009876092953,0,3822,0,0,0,6543,119,3737,11000,2123,2697,6180,0.0,22.299,0.694,64.177,28.121,alta_alertas
Guatemala,2018,30,Tierras de Cultivo y Pastos,32.0,Cultivos Arbóreos,321.0,Café,107,107,3,3.0,5.0,1.0,0.8294124978366535,0.6128900333102215,0,63,0,0,0,0,7,0,67,3,10,54,0.0,58.879,6.542,62.617,12.15,media_revision
El Salvador,2018,30,Tierras de Cultivo y Pastos,31.0,Cultivos intensivos No-Arbóreos,315.0,Otros cultivos intensivos no arbóreos,96842,96842,1,4.0,11.0,1.25,0.48136709745668405,0.3433080190800141,0,38240,0,15306,5,0,350,24571,60380,10812,20614,28954,0.0,39.487,0.361,62.349,32.451,alta_alertas
Guatemala,2018,30,Tierras de Cultivo y Pastos,33.0,"Cultivos extensivos, Pastizales y matorrales",332.0,Pastizales naturales y cultivados,622,622,3,4.0,6.0,2.5,0.5320410100969915,0.3687958429443333,0,278,0,103,1,0,1,4,366,5,14,347,0.0,44.695,0.161,58.842,3.055,media_revision
México,2018,40,Tierras Forestales,41.0,Bosque latifoliado y mixto,413.0,Bosque Mixto (Lat-Coniferas),44,44,1,3.0,6.0,1.0,0.762330690343783,0.5227708434847113,0,24,0,1,0,0,1,0,25,0,9,16,0.0,54.545,2.273,56.818,20.455,media_revision
El Salvador,2018,30,Tierras de Cultivo y Pastos,33.0,"Cultivos extensivos, Pastizales y matorrales",332.0,Pastizales naturales y cultivados,83612,83612,2,4.0,11.0,1.5,0.4859638178415472,0.3439524838012959,0,21367,0,13280,13,0,266,25450,47264,5824,25197,16243,0.0,25.555,0.318,56.528,37.101,alta_alertas
Guatemala,2018,30,Tierras de Cultivo y Pastos,33.0,"Cultivos extensivos, Pastizales y matorrales",333.0,Matorrales (barbecho o en descanso),331,331,3,4.0,6.0,1.5,0.7162647685171679,0.4806599769285316,0,151,0,12,0,0,0,24,180,1,29,150,0.0,45.619,0.0,54.381,9.063,media_revision
Guatemala,2018,10,Artificializado y otra tierras,11.0,Urbano,112.0,Urbano discontinuo,64,64,2,4.0,6.0,2.0,0.468239296388984,0.34366013937494205,0,28,0,0,0,21,0,0,34,0,15,19,0.0,43.75,0.0,53.125,23.438,media_revision
Guatemala,2019,10,Artificializado y otra tierras,11.0,Urbano,112.0,Urbano discontinuo,19,19,2,12.0,52.0,3.0,0.5560642978105702,0.3966768734173862,0,0,0,0,0,10,0,0,10,0,0,10,0.0,0.0,0.0,52.632,0.0,media_revision
Guatemala,2018,30,Tierras de Cultivo y Pastos,32.0,Cultivos Arbóreos,325.0,Otros sistemas agroforestales o silvopastoriles,132,132,1,4.0,6.0,2.0,0.6156269653032056,0.44127725240179005,0,62,0,7,0,0,0,0,69,0,0,69,0.0,46.97,0.0,52.273,0.0,media_revision
Honduras,2022,10,Artificializado y otra tierras,11.0,Urbano,110.0,Urbano,275,275,1,12.0,38.0,8.0,0.48305038159503,0.3447515685942005,0,1,0,0,0,104,1,66,143,28,40,75,0.0,0.364,0.364,52.0,24.727,media_revision
El Salvador,2018,10,Artificializado y otra tierras,11.0,Urbano,111.0,Urbano continuo,10943,10943,2,4.0,12.0,3.5,0.3277996069668862,0.24264537779447065,0,2819,0,0,0,1795,0,1804,5488,553,1551,3384,0.0,25.761,0.0,50.151,19.227,media_revision
Honduras,2018,20,Tierras húmedas y agua,21.0,Cuerpos de Agua,210.0,Cuerpos de Agua,270,270,2,4.0,10.0,4.5,0.10649537537884896,0.05812706960945345,12,118,0,0,0,0,0,8,134,15,56,63,4.444,43.704,0.0,49.63,26.296,alta_alertas
El Salvador,2018,30,Tierras de Cultivo y Pastos,32.0,Cultivos Arbóreos,323.0,Frutales,6452,6452,2,4.0,11.0,1.5,0.701197203333014,0.5046439401010143,0,771,0,326,0,0,0,2485,3192,352,2150,690,0.0,11.95,0.0,49.473,38.779,alta_alertas
Panamá,2021,10,Artificializado y otra tierras,11.0,Urbano,110.0,Urbano,93,93,1,9.0,21.0,11.5,0.5456528124954542,0.4161051212938005,0,0,0,0,0,46,0,0,46,0,0,46,0.0,0.0,0.0,49.462,0.0,media_revision
Honduras,2022,30,Tierras de Cultivo y Pastos,32.0,Cultivos Arbóreos,321.0,Café,396,396,1,11.0,29.0,2.25,0.7946699243871593,0.5733751137924649,0,0,0,2,0,0,18,183,195,7,188,0,0.0,0.0,4.545,49.242,49.242,alta_alertas
Honduras,2021,30,Tierras de Cultivo y Pastos,32.0,Cultivos Arbóreos,321.0,Café,394,394,1,11.0,31.5,2.0,0.7895576530334218,0.569291241949379,0,0,0,1,0,0,17,181,193,5,188,0,0.0,0.0,4.315,48.985,48.985,alta_alertas
Honduras,2019,30,Tierras de Cultivo y Pastos,32.0,Cultivos Arbóreos,321.0,Café,393,393,1,11.0,33.0,2.0,0.7671070098454957,0.553903058790643,0,0,0,1,0,0,14,180,189,6,183,0,0.0,0.0,3.562,48.092,48.092,alta_alertas
Honduras,2020,10,Artificializado y otra tierras,11.0,Urbano,110.0,Urbano,271,271,1,12.0,36.0,8.0,0.4527169826610596,0.33843499444931574,0,0,0,0,0,91,1,62,130,24,39,67,0.0,0.0,0.369,47.97,23.247,media_revision
Honduras,2019,10,Artificializado y otra tierras,11.0,Urbano,110.0,Urbano,265,265,1,12.0,42.0,7.5,0.4215343009255887,0.3119350844111216,0,0,0,0,0,83,1,56,125,15,42,68,0.0,0.0,0.377,47.17,21.509,media_revision
Honduras,2021,10,Artificializado y otra tierras,11.0,Urbano,110.0,Urbano,273,273,1,12.0,40.0,8.0,0.4451465341460147,0.32802843638033863,0,0,0,0,0,83,1,64,128,20,45,63,0.0,0.0,0.366,46.886,23.81,media_revision
El Salvador,2018,40,Tierras Forestales,41.0,Bosque latifoliado y mixto,410.0,Bosque latifoliado y mixto,163063,163063,2,4.0,10.0,1.0,0.7587628148946012,0.5332144000969171,0,60984,0,1565,1,0,2153,19984,75512,7095,17704,50713,0.0,37.399,1.32,46.308,15.208,media_revision
Honduras,2020,30,Tierras de Cultivo y Pastos,32.0,Cultivos Arbóreos,321.0,Café,412,412,2,11.0,30.0,2.5,0.7682709034208118,0.5599970843492496,0,0,0,2,0,0,11,182,190,5,185,0,0.0,0.0,2.67,46.117,46.117,alta_alertas
El Salvador,2018,30,Tierras de Cultivo y Pastos,31.0,Cultivos intensivos No-Arbóreos,313.0,Caña de azúcar,32359,32359,2,4.0,12.0,2.5,0.5302555802845559,0.3703717159419134,0,3602,0,6110,7,0,0,7752,14667,1244,7360,6063,0.0,11.131,0.0,45.326,26.589,alta_alertas
El Salvador,2018,20,Tierras húmedas y agua,21.0,Cuerpos de Agua,210.0,Cuerpos de Agua,1829,1829,2,4.0,11.0,4.0,0.3127345377516641,0.24254086246611617,0,498,0,0,0,0,110,227,822,10,353,459,0.0,27.228,6.014,44.943,19.847,media_revision
Honduras,2022,30,Tierras de Cultivo y Pastos,31.0,Cultivos intensivos No-Arbóreos,311.0,Palma aceitera,389,389,1,12.0,36.0,5.0,0.8528380424462411,0.6428848390849166,0,0,0,2,0,0,43,147,173,18,155,0,0.0,0.0,11.054,44.473,44.473,alta_alertas
El Salvador,2018,40,Tierras Forestales,41.0,Bosque latifoliado y mixto,412.0,Latifoliado secundario húmedo,117,117,1,4.0,10.0,1.0,0.7876412336233287,0.5553126366418889,0,50,0,0,0,0,6,0,52,1,7,44,0.0,42.735,5.128,44.444,6.838,media_revision
Honduras,2020,30,Tierras de Cultivo y Pastos,31.0,Cultivos intensivos No-Arbóreos,311.0,Palma aceitera,390,390,2,12.0,34.0,5.0,0.8430512742225267,0.6483677727212658,0,0,0,1,0,0,49,147,172,24,148,0,0.0,0.0,12.564,44.103,44.103,alta_alertas
Honduras,2021,30,Tierras de Cultivo y Pastos,31.0,Cultivos intensivos No-Arbóreos,311.0,Palma aceitera,390,390,1,12.0,40.0,4.0,0.8413708690335067,0.6298500972026514,0,0,0,2,0,0,40,148,170,19,151,0,0.0,0.0,10.256,43.59,43.59,alta_alertas
Honduras,2019,30,Tierras de Cultivo y Pastos,31.0,Cultivos intensivos No-Arbóreos,311.0,Palma aceitera,389,389,1,12.0,43.0,5.0,0.8340432957736886,0.6280866713471306,0,0,0,1,0,0,36,147,165,18,147,0,0.0,0.0,9.254,42.416,42.416,alta_alertas
El Salvador,2018,40,Tierras Forestales,41.0,Bosque latifoliado y mixto,414.0,Bosque seco o deciduo,15,15,2,4.0,11.0,1.0,0.7000830269380777,0.4699138516453184,0,6,0,0,0,0,0,0,6,0,0,6,0.0,40.0,0.0,40.0,0.0,media_revision
El Salvador,2019,10,Artificializado y otra tierras,11.0,Urbano,111.0,Urbano continuo,10,10,1,11.0,74.5,6.5,0.4766062539207757,0.3716319617982411,0,0,0,0,0,4,0,0,4,0,0,4,0.0,0.0,0.0,40.0,0.0,media_revision
Guatemala,2019,10,Artificializado y otra tierras,12.0,Otras tierras,122.0,"Suelo desnudo, arena, rocoso, lava, otros",5,5,2,12.0,46.0,2.0,-0.2167345885673608,-0.2526997840172786,0,0,0,0,0,2,0,0,2,0,0,2,0.0,0.0,0.0,40.0,0.0,media_revision
El Salvador,2018,30,Tierras de Cultivo y Pastos,32.0,Cultivos Arbóreos,325.0,Otros sistemas agroforestales o silvopastoriles,22567,22567,2,4.0,11.0,2.0,0.6708376974359678,0.4800327424823726,0,6713,0,584,4,0,94,2485,8878,702,2204,5972,0.0,29.747,0.417,39.341,12.877,media_revision
Guatemala,2018,40,Tierras Forestales,41.0,Bosque latifoliado y mixto,410.0,Bosque latifoliado y mixto,582,582,3,4.0,6.0,1.5,0.7208378911099431,0.5153156806364521,0,194,0,1,0,0,0,27,222,0,27,195,0.0,33.333,0.0,38.144,4.639,media_revision
Honduras,2021,30,Tierras de Cultivo y Pastos,32.0,Cultivos Arbóreos,325.0,Otros sistemas agroforestales o silvopastoriles,439,439,1,11.0,32.0,2.0,0.8159602901870943,0.6037122789978546,0,0,0,1,0,0,41,135,164,12,152,0,0.0,0.0,9.339,37.358,37.358,alta_alertas
Honduras,2021,30,Tierras de Cultivo y Pastos,32.0,Cultivos Arbóreos,323.0,Frutales,38,38,1,12.0,51.5,3.0,0.7454062269551894,0.5192826575479894,0,0,0,2,0,0,4,11,14,3,11,0,0.0,0.0,10.526,36.842,36.842,alta_alertas
Honduras,2022,30,Tierras de Cultivo y Pastos,32.0,Cultivos Arbóreos,323.0,Frutales,38,38,1,12.0,45.5,3.25,0.7581882778623771,0.5235133465437243,0,0,0,0,0,0,4,11,14,1,13,0,0.0,0.0,10.526,36.842,36.842,alta_alertas
Honduras,2022,30,Tierras de Cultivo y Pastos,32.0,Cultivos Arbóreos,325.0,Otros sistemas agroforestales o silvopastoriles,439,439,1,11.0,28.0,2.25,0.8142013629431348,0.6002321981424149,0,1,0,1,0,0,42,135,160,18,142,0,0.0,0.228,9.567,36.446,36.446,alta_alertas
Honduras,2019,30,Tierras de Cultivo y Pastos,32.0,Cultivos Arbóreos,323.0,Frutales,39,39,1,12.0,49.0,3.5,0.6955787607070758,0.49691303961069566,0,0,0,2,0,0,4,12,14,3,11,0,0.0,0.0,10.256,35.897,35.897,alta_alertas
El Salvador,2018,10,Artificializado y otra tierras,12.0,Otras tierras,122.0,"Suelo desnudo, arena, rocoso, lava, otros",1858,1858,2,4.0,12.0,4.5,0.2982892690513218,0.2361434057666737,0,118,0,0,0,224,10,469,661,145,330,186,0.0,6.351,0.538,35.576,25.565,alta_alertas
Honduras,2018,10,Artificializado y otra tierras,12.0,Otras tierras,121.0,Otros artificializado,60,60,1,4.0,10.0,2.25,-0.03024282103594749,-0.1263937976049839,0,0,0,0,0,4,0,21,21,4,17,0,0.0,0.0,0.0,35.0,35.0,alta_alertas
Honduras,2020,30,Tierras de Cultivo y Pastos,32.0,Cultivos Arbóreos,325.0,Otros sistemas agroforestales o silvopastoriles,436,436,1,11.0,30.0,3.0,0.7971906990466535,0.5928831257561493,0,0,0,1,0,0,30,132,151,11,140,0,0.0,0.0,6.881,34.633,34.633,alta_alertas
México,2018,20,Tierras húmedas y agua,22.0,Humedales,220.0,Humedales,32,32,3,4.0,7.0,4.25,0.4927764938091742,0.34566149028701487,0,8,0,0,0,0,4,0,11,1,4,6,0.0,25.0,12.5,34.375,15.625,media_revision
Honduras,2020,30,Tierras de Cultivo y Pastos,32.0,Cultivos Arbóreos,323.0,Frutales,38,38,1,12.0,46.0,3.375,0.7471328080242333,0.5202901835105864,0,0,0,1,0,0,2,11,13,1,12,0,0.0,0.0,5.263,34.211,34.211,alta_alertas
El Salvador,2018,40,Tierras Forestales,42.0,Bosque de coníferas,420.0,Bosque de coníferas,6060,6060,3,4.0,7.0,1.0,0.7843977054204586,0.540528405176865,0,1758,0,20,0,0,199,265,2037,115,416,1506,0.0,29.01,3.284,33.614,8.762,media_revision
Honduras,2019,30,Tierras de Cultivo y Pastos,32.0,Cultivos Arbóreos,325.0,Otros sistemas agroforestales o silvopastoriles,430,430,1,11.0,33.0,2.0,0.8014832059381501,0.5896259630434848,0,0,0,1,0,0,26,126,143,9,134,0,0.0,0.0,6.047,33.256,33.256,alta_alertas
El Salvador,2018,40,Tierras Forestales,44.0,Otros arbóreo en tierras no agrícola,442.0,Plantaciones forestales,2249,2249,1,4.0,12.0,1.0,0.6631351512204147,0.4609503003823047,0,443,0,86,0,0,0,295,745,27,320,398,0.0,19.698,0.0,33.126,15.429,media_revision
Honduras,2022,30,Tierras de Cultivo y Pastos,33.0,"Cultivos extensivos, Pastizales y matorrales",332.0,Pastizales naturales y cultivados,2759,2759,1,11.0,27.0,4.25,0.6984346224677717,0.4717823043468695,0,0,0,20,1,0,39,829,865,16,849,0,0.0,0.0,1.414,31.352,31.352,alta_alertas
Honduras,2021,30,Tierras de Cultivo y Pastos,33.0,"Cultivos extensivos, Pastizales y matorrales",332.0,Pastizales naturales y cultivados,2693,2693,1,11.0,31.0,4.75,0.6724934036939313,0.4568398469428517,0,0,0,24,2,0,21,763,785,13,770,2,0.0,0.0,0.78,29.15,29.075,alta_alertas
Honduras,2020,30,Tierras de Cultivo y Pastos,33.0,"Cultivos extensivos, Pastizales y matorrales",332.0,Pastizales naturales y cultivados,2611,2611,1,11.0,32.0,4.75,0.6683284176503571,0.45847095620085554,0,0,0,25,2,0,30,681,708,14,694,0,0.0,0.0,1.149,27.116,27.116,alta_alertas
Guatemala,2018,20,Tierras húmedas y agua,21.0,Cuerpos de Agua,210.0,Cuerpos de Agua,15,15,3,4.0,6.0,20.0,0.1598436762545819,0.13754397871162466,0,1,0,0,0,0,0,3,4,0,4,0,0.0,6.667,0.0,26.667,26.667,alta_alertas
Honduras,2019,30,Tierras de Cultivo y Pastos,33.0,"Cultivos extensivos, Pastizales y matorrales",332.0,Pastizales naturales y cultivados,2532,2532,1,12.0,37.0,5.0,0.6525718377598241,0.44587139921170726,0,0,0,79,1,0,15,602,675,16,599,60,0.0,0.0,0.592,26.659,24.289,media_revision
Honduras,2020,10,Artificializado y otra tierras,12.0,Otras tierras,122.0,"Suelo desnudo, arena, rocoso, lava, otros",8,8,1,12.0,35.5,5.5,0.19382728883167125,0.1293675835633895,0,0,0,0,0,2,0,0,2,0,0,2,0.0,0.0,0.0,25.0,0.0,media_revision
Guatemala,2018,40,Tierras Forestales,41.0,Bosque latifoliado y mixto,413.0,Bosque Mixto (Lat-Coniferas),4,4,1,4.0,6.0,1.5,0.8103116025725419,0.5789982785411136,0,1,0,0,0,0,0,0,1,0,0,1,0.0,25.0,0.0,25.0,0.0,media_revision
Panamá,2021,10,Artificializado y otra tierras,12.0,Otras tierras,122.0,"Suelo desnudo, arena, rocoso, lava, otros",4,4,1,11.5,36.5,4.75,0.498481540333114,0.3478378020631998,0,0,0,0,0,1,0,0,1,0,0,1,0.0,0.0,0.0,25.0,0.0,media_revision
Costa Rica,2021,20,Tierras húmedas y agua,22.0,Humedales,220.0,Humedales,3884,3759,1,11.0,35.0,6.0,0.7978606465338253,0.5604127774408387,0,1,0,0,0,0,620,325,914,32,882,0,0.0,0.026,15.963,23.532,23.532,alta_valores_espectrales_raros
Honduras,2019,30,Tierras de Cultivo y Pastos,33.0,"Cultivos extensivos, Pastizales y matorrales",331.0,Granos básicos y hortalizas y otros,1159,1159,1,12.0,44.0,3.25,0.6211833673394944,0.43349097710799833,0,0,0,85,2,0,4,178,253,6,176,71,0.0,0.0,0.345,21.829,15.703,baja_sin_prioridad
Honduras,2021,30,Tierras de Cultivo y Pastos,33.0,"Cultivos extensivos, Pastizales y matorrales",331.0,Granos básicos y hortalizas y otros,1176,1176,1,12.0,41.0,3.0,0.6565018376148523,0.4519269541357642,0,0,0,45,2,0,10,195,234,10,194,30,0.0,0.0,0.85,19.898,17.347,baja_sin_prioridad
Honduras,2022,30,Tierras de Cultivo y Pastos,33.0,"Cultivos extensivos, Pastizales y matorrales",331.0,Granos básicos y hortalizas y otros,1182,1182,1,12.0,39.0,3.25,0.6753004345800437,0.4632040484847082,0,0,0,33,5,0,29,201,228,20,205,3,0.0,0.0,2.453,19.289,19.036,baja_sin_prioridad
Guatemala,2019,30,Tierras de Cultivo y Pastos,33.0,"Cultivos extensivos, Pastizales y matorrales",333.0,Matorrales (barbecho o en descanso),26,26,2,12.0,51.0,2.25,0.7237124993159133,0.5089972499612931,0,0,0,5,0,0,0,0,5,0,0,5,0.0,0.0,0.0,19.231,0.0,baja_sin_prioridad
Honduras,2018,10,Artificializado y otra tierras,12.0,Otras tierras,122.0,"Suelo desnudo, arena, rocoso, lava, otros",94,94,2,4.0,12.0,5.5,0.12055604010770743,0.07690285249938869,0,6,0,0,0,1,16,3,18,7,11,0,0.0,6.383,17.021,19.149,19.149,alta_valores_espectrales_raros
Honduras,2019,30,Tierras de Cultivo y Pastos,33.0,"Cultivos extensivos, Pastizales y matorrales",333.0,Matorrales (barbecho o en descanso),2454,2454,1,12.0,40.0,3.0,0.6792094523031256,0.46191763217069637,0,0,0,71,1,0,34,402,467,21,411,35,0.0,0.0,1.385,19.03,17.604,baja_sin_prioridad
Honduras,2022,30,Tierras de Cultivo y Pastos,33.0,"Cultivos extensivos, Pastizales y matorrales",333.0,Matorrales (barbecho o en descanso),2481,2481,1,11.0,33.0,3.0,0.7257194244604317,0.49377371618486043,0,0,0,22,1,0,44,429,469,24,445,0,0.0,0.0,1.773,18.904,18.904,baja_sin_prioridad
Honduras,2020,30,Tierras de Cultivo y Pastos,33.0,"Cultivos extensivos, Pastizales y matorrales",331.0,Granos básicos y hortalizas y otros,1170,1170,1,12.0,39.0,3.75,0.6464102272890517,0.454000477040212,0,0,0,33,2,0,25,189,218,17,194,7,0.0,0.0,2.137,18.632,18.034,baja_sin_prioridad
Honduras,2020,30,Tierras de Cultivo y Pastos,33.0,"Cultivos extensivos, Pastizales y matorrales",333.0,Matorrales (barbecho o en descanso),2474,2474,1,12.0,35.0,3.25,0.7011214887192626,0.48393298455303424,0,0,0,29,1,0,45,422,459,28,431,0,0.0,0.0,1.819,18.553,18.553,baja_sin_prioridad
Honduras,2021,30,Tierras de Cultivo y Pastos,33.0,"Cultivos extensivos, Pastizales y matorrales",333.0,Matorrales (barbecho o en descanso),2471,2471,1,12.0,36.0,2.5,0.7035017967734536,0.4814598743417965,0,0,0,32,2,0,32,419,449,22,427,0,0.0,0.0,1.295,18.171,18.171,baja_sin_prioridad
El Salvador,2018,30,Tierras de Cultivo y Pastos,32.0,Cultivos Arbóreos,321.0,Café,50113,50113,3,4.0,12.0,1.0,0.8440142058647934,0.6345554148651533,0,4037,0,31,2,0,3579,2284,8836,901,4470,3465,0.0,8.056,7.142,17.632,10.718,baja_sin_prioridad
Panamá,2021,30,Tierras de Cultivo y Pastos,31.0,Cultivos intensivos No-Arbóreos,315.0,Otros cultivos intensivos no arbóreos,12945,12945,1,10.0,27.0,7.0,0.4900330565185842,0.3339321805524366,0,0,0,2061,13,0,44,0,2095,10,37,2048,0.0,0.0,0.34,16.184,0.363,baja_sin_prioridad
Honduras,2021,20,Tierras húmedas y agua,21.0,Cuerpos de Agua,210.0,Cuerpos de Agua,164,164,1,12.0,43.5,3.0,-0.0823987316728025,-0.10968768585238488,0,0,0,0,0,0,0,25,25,0,25,0,0.0,0.0,0.0,15.244,15.244,baja_sin_prioridad
Honduras,2022,20,Tierras húmedas y agua,21.0,Cuerpos de Agua,210.0,Cuerpos de Agua,164,164,1,12.0,40.0,3.5,-0.0449032684156484,-0.07783747755003728,0,0,0,0,0,0,0,25,25,0,25,0,0.0,0.0,0.0,15.244,15.244,baja_sin_prioridad
Guatemala,2019,20,Tierras húmedas y agua,22.0,Humedales,220.0,Humedales,20,20,2,12.0,53.0,7.625,0.5804665587034391,0.392053190840273,0,0,0,0,0,0,3,0,3,0,3,0,0.0,0.0,15.0,15.0,15.0,alta_valores_espectrales_raros
Panamá,2021,30,Tierras de Cultivo y Pastos,33.0,"Cultivos extensivos, Pastizales y matorrales",331.0,Granos básicos y hortalizas y otros,96,96,1,10.0,27.5,6.125,0.523026571055589,0.3593451684393583,0,0,0,14,0,0,0,0,14,0,0,14,0.0,0.0,0.0,14.583,0.0,baja_sin_prioridad
Costa Rica,2021,40,Tierras Forestales,44.0,Otros arbóreo en tierras no agrícola,442.0,Plantaciones forestales,884,870,1,12.0,37.0,1.75,0.8127317759634068,0.5846546792228555,0,0,0,0,0,0,36,93,127,2,125,0,0.0,0.0,4.072,14.367,14.367,baja_sin_prioridad
Honduras,2019,40,Tierras Forestales,41.0,Bosque latifoliado y mixto,410.0,Bosque latifoliado y mixto,4577,4577,1,11.0,32.0,5.5,0.827900432952684,0.6096644295302014,0,0,0,3,0,0,315,364,634,48,586,0,0.0,0.0,6.882,13.852,13.852,baja_sin_prioridad
Costa Rica,2021,90,Otras,91.0,Otras,910.0,Otras,5751,5447,1,11.0,36.0,5.0,0.5855706707340345,0.41814214050928794,12,55,2,0,0,0,77,666,784,32,737,15,0.209,0.956,1.339,13.632,13.372,baja_sin_prioridad
El Salvador,2018,40,Tierras Forestales,41.0,Bosque latifoliado y mixto,411.0,Latifoliado maduro húmedo,15,15,1,4.0,11.0,1.0,0.8441867380315194,0.608084101533338,0,2,0,0,0,0,0,0,2,0,0,2,0.0,13.333,0.0,13.333,0.0,baja_sin_prioridad
Honduras,2020,20,Tierras húmedas y agua,21.0,Cuerpos de Agua,210.0,Cuerpos de Agua,160,160,1,12.0,42.0,3.75,0.0486213872448168,-0.013929528961052526,0,0,0,0,0,0,0,21,21,0,21,0,0.0,0.0,0.0,13.125,13.125,baja_sin_prioridad
El Salvador,2019,30,Tierras de Cultivo y Pastos,32.0,Cultivos Arbóreos,321.0,Café,24,24,1,11.0,80.0,1.125,0.8105174714487317,0.6043076458257053,0,0,0,0,0,0,3,0,3,0,3,0,0.0,0.0,12.5,12.5,12.5,baja_sin_prioridad
Honduras,2019,10,Artificializado y otra tierras,12.0,Otras tierras,122.0,"Suelo desnudo, arena, rocoso, lava, otros",8,8,1,12.0,43.5,5.0,0.16563188861905062,0.11344254533181264,0,0,0,0,0,1,0,0,1,0,0,1,0.0,0.0,0.0,12.5,0.0,baja_sin_prioridad
Honduras,2021,10,Artificializado y otra tierras,12.0,Otras tierras,122.0,"Suelo desnudo, arena, rocoso, lava, otros",8,8,1,12.0,38.0,3.875,0.195305306224139,0.13572703899983968,0,0,0,0,0,1,0,0,1,0,0,1,0.0,0.0,0.0,12.5,0.0,baja_sin_prioridad
Honduras,2022,10,Artificializado y otra tierras,12.0,Otras tierras,122.0,"Suelo desnudo, arena, rocoso, lava, otros",8,8,1,11.5,38.0,3.875,0.20454294984950616,0.13784098865228686,0,0,0,0,0,1,0,0,1,0,0,1,0.0,0.0,0.0,12.5,0.0,baja_sin_prioridad
Panamá,2021,40,Tierras Forestales,41.0,Bosque latifoliado y mixto,411.0,Latifoliado maduro húmedo,1764,1764,1,8.0,14.0,10.5,0.8143104061163977,0.6116458541685383,12,160,0,1,1,0,85,0,220,50,111,59,0.68,9.07,4.819,12.472,9.127,baja_sin_prioridad
Honduras,2020,40,Tierras Forestales,41.0,Bosque latifoliado y mixto,410.0,Bosque latifoliado y mixto,4474,4474,1,11.0,26.0,5.0,0.8289723322279102,0.6115787115124249,0,0,0,5,0,0,327,261,556,37,519,0,0.0,0.0,7.309,12.427,12.427,baja_sin_prioridad
Guatemala,2020,30,Tierras de Cultivo y Pastos,31.0,Cultivos intensivos No-Arbóreos,315.0,Otros cultivos intensivos no arbóreos,2363,2348,1,12.0,68.0,4.5,0.5446393130974807,0.38177347081890345,0,0,0,277,5,0,12,0,282,5,7,270,0.0,0.0,0.508,11.934,0.508,baja_sin_prioridad
Honduras,2021,40,Tierras Forestales,41.0,Bosque latifoliado y mixto,414.0,Bosque seco o deciduo,1667,1667,1,12.0,43.0,1.5,0.7476273249863356,0.5150333721466793,0,0,0,7,0,0,52,143,193,8,185,0,0.0,0.0,3.119,11.578,11.578,baja_sin_prioridad
Honduras,2022,40,Tierras Forestales,41.0,Bosque latifoliado y mixto,414.0,Bosque seco o deciduo,1657,1657,1,11.0,40.0,1.5,0.7587175600502932,0.5249310673314314,0,0,0,4,0,0,59,133,191,5,186,0,0.0,0.0,3.561,11.527,11.527,baja_sin_prioridad
Costa Rica,2021,40,Tierras Forestales,41.0,Bosque latifoliado y mixto,410.0,Bosque latifoliado y mixto,57948,53262,1,10.0,26.0,2.5,0.8420208500400963,0.6160360598700525,41,1766,0,60,12,0,3968,1351,6596,565,5181,850,0.071,3.048,6.848,11.383,9.916,baja_sin_prioridad
Honduras,2021,40,Tierras Forestales,41.0,Bosque latifoliado y mixto,410.0,Bosque latifoliado y mixto,4395,4395,1,11.0,26.0,5.25,0.8347951753106239,0.6148117015415258,0,0,0,9,1,0,345,182,500,36,464,0,0.0,0.0,7.85,11.377,11.377,baja_sin_prioridad
Honduras,2021,40,Tierras Forestales,43.0,Manglares,430.0,Manglares,97,97,1,12.0,51.0,4.0,0.7873474122228212,0.5274684807269197,0,0,0,10,4,0,9,1,11,5,5,1,0.0,0.0,9.278,11.34,10.309,baja_sin_prioridad
Honduras,2020,40,Tierras Forestales,41.0,Bosque latifoliado y mixto,414.0,Bosque seco o deciduo,1666,1666,1,12.0,41.0,2.0,0.7440331380584115,0.5198398398224214,0,0,0,2,0,0,46,142,187,3,184,0,0.0,0.0,2.761,11.224,11.224,baja_sin_prioridad
México,2019,40,Tierras Forestales,41.0,Bosque latifoliado y mixto,414.0,Bosque seco o deciduo,72,72,3,12.0,67.5,4.5,0.7801918718813101,0.5512534416283299,0,0,0,0,0,0,8,0,8,0,8,0,0.0,0.0,11.111,11.111,11.111,baja_sin_prioridad
Honduras,2019,40,Tierras Forestales,41.0,Bosque latifoliado y mixto,414.0,Bosque seco o deciduo,1675,1675,1,12.0,44.0,1.5,0.7282267707193988,0.4994457038044771,0,0,0,4,0,0,33,151,182,4,178,0,0.0,0.0,1.97,10.866,10.866,baja_sin_prioridad
Guatemala,2020,30,Tierras de Cultivo y Pastos,31.0,Cultivos intensivos No-Arbóreos,311.0,Palma aceitera,29404,29398,1,12.0,44.0,6.75,0.8597744002596421,0.6966086041853635,0,0,0,21,1,0,3188,0,3188,21,3167,0,0.0,0.0,10.842,10.842,10.842,baja_sin_prioridad
Guatemala,2019,30,Tierras de Cultivo y Pastos,33.0,"Cultivos extensivos, Pastizales y matorrales",331.0,Granos básicos y hortalizas y otros,19,19,2,12.0,53.0,3.0,0.6841658510792668,0.47246367262703054,0,0,0,2,0,0,0,0,2,0,0,2,0.0,0.0,0.0,10.526,0.0,baja_sin_prioridad
Honduras,2022,40,Tierras Forestales,41.0,Bosque latifoliado y mixto,410.0,Bosque latifoliado y mixto,4335,4335,1,10.0,22.0,4.75,0.85029540892544,0.6260362591538595,0,18,0,7,3,0,301,122,418,29,378,11,0.0,0.415,6.943,9.642,9.389,baja_sin_prioridad
Costa Rica,2021,30,Tierras de Cultivo y Pastos,33.0,"Cultivos extensivos, Pastizales y matorrales",332.0,Pastizales naturales y cultivados,23038,21716,1,11.0,30.0,4.0,0.733752349916509,0.5067405461869214,0,197,0,130,8,0,605,1490,2206,181,1931,94,0.0,0.855,2.626,9.575,9.167,baja_sin_prioridad
Guatemala,2020,30,Tierras de Cultivo y Pastos,32.0,Cultivos Arbóreos,324.0,Hule,22488,22488,1,12.0,46.0,3.25,0.8279011968917287,0.6053499612929698,0,0,0,46,1,0,2092,0,2092,46,2046,0,0.0,0.0,9.303,9.303,9.303,baja_sin_prioridad
Honduras,2020,40,Tierras Forestales,43.0,Manglares,430.0,Manglares,97,97,1,12.0,48.0,5.0,0.783946304849249,0.5246927515584202,0,0,0,8,5,0,8,1,9,7,2,0,0.0,0.0,8.247,9.278,9.278,baja_sin_prioridad
Honduras,2022,40,Tierras Forestales,43.0,Manglares,430.0,Manglares,97,97,1,12.0,43.0,4.25,0.7915406833598984,0.5257126630263715,0,0,0,8,4,0,8,1,9,7,2,0,0.0,0.0,8.247,9.278,9.278,baja_sin_prioridad
Honduras,2019,40,Tierras Forestales,43.0,Manglares,430.0,Manglares,97,97,1,12.0,52.0,5.0,0.7781156945242078,0.5029225472909694,0,0,0,8,4,0,6,1,9,6,1,2,0.0,0.0,6.186,9.278,7.216,baja_sin_prioridad
Costa Rica,2021,30,Tierras de Cultivo y Pastos,33.0,"Cultivos extensivos, Pastizales y matorrales",331.0,Granos básicos y hortalizas y otros,8251,7725,1,11.0,31.0,4.5,0.7443202193861407,0.5481758608051512,4,7,0,323,13,0,342,395,728,146,582,0,0.048,0.085,4.145,8.823,8.823,baja_sin_prioridad
Honduras,2018,40,Tierras Forestales,44.0,Otros arbóreo en tierras no agrícola,442.0,Plantaciones forestales,24,24,1,4.0,7.0,1.0,0.8231931714084499,0.5570076028420241,0,0,0,0,0,0,0,2,2,0,2,0,0.0,0.0,0.0,8.333,8.333,baja_sin_prioridad
México,2018,40,Tierras Forestales,43.0,Manglares,430.0,Manglares,12,12,2,4.0,8.0,1.25,0.9038128731714736,0.6659632456523087,0,0,0,0,1,0,0,0,1,0,0,1,0.0,0.0,0.0,8.333,0.0,baja_sin_prioridad
México,2019,30,Tierras de Cultivo y Pastos,31.0,Cultivos intensivos No-Arbóreos,315.0,Otros cultivos intensivos no arbóreos,76,76,4,12.0,37.0,5.0,0.7511381852466787,0.5394998595235491,0,0,0,3,0,0,6,0,6,3,3,0,0.0,0.0,7.895,7.895,7.895,baja_sin_prioridad
Guatemala,2019,30,Tierras de Cultivo y Pastos,31.0,Cultivos intensivos No-Arbóreos,313.0,Caña de azúcar,66,66,2,12.0,51.0,5.0,0.6800378164748517,0.4957342697205343,0,0,0,1,0,0,5,0,5,1,4,0,0.0,0.0,7.576,7.576,7.576,baja_sin_prioridad
Panamá,2021,40,Tierras Forestales,44.0,Otros arbóreo en tierras no agrícola,442.0,Plantaciones forestales,53,53,1,9.0,21.0,5.0,0.7479045776918117,0.5232266101683556,0,0,0,0,0,0,4,0,4,0,4,0,0.0,0.0,7.547,7.547,7.547,baja_sin_prioridad
Panamá,2021,30,Tierras de Cultivo y Pastos,31.0,Cultivos intensivos No-Arbóreos,311.0,Palma aceitera,3494,3494,2,10.0,26.0,4.5,0.8567720433090055,0.6484693131082818,0,0,0,6,1,0,259,0,259,6,253,0,0.0,0.0,7.413,7.413,7.413,baja_sin_prioridad
Guatemala,2019,40,Tierras Forestales,43.0,Manglares,430.0,Manglares,27,27,2,12.0,54.0,5.5,0.796154301792091,0.5604282841779127,0,0,0,0,0,0,2,0,2,0,2,0,0.0,0.0,7.407,7.407,7.407,baja_sin_prioridad
Costa Rica,2019,30,Tierras de Cultivo y Pastos,31.0,Cultivos intensivos No-Arbóreos,314.0,Piña,10375,10375,1,10.0,25.0,13.75,0.6784031250693642,0.5156991190422408,0,0,0,765,79,0,612,0,765,371,241,153,0.0,0.0,5.899,7.373,5.899,baja_sin_prioridad
Guatemala,2020,30,Tierras de Cultivo y Pastos,32.0,Cultivos Arbóreos,321.0,Café,85958,85958,1,12.0,41.0,1.25,0.800833164551445,0.591170317047909,0,1,0,397,16,0,6238,0,6239,397,5841,1,0.0,0.001,7.257,7.258,7.257,baja_sin_prioridad
Guatemala,2019,10,Artificializado y otra tierras,11.0,Urbano,111.0,Urbano continuo,14,14,2,12.0,50.0,5.0,0.46028736797141534,0.319673004107149,0,0,0,0,0,1,0,0,1,0,0,1,0.0,0.0,0.0,7.143,0.0,baja_sin_prioridad
Honduras,2018,40,Tierras Forestales,43.0,Manglares,430.0,Manglares,1209,1209,2,4.0,11.0,2.0,0.8606901356022927,0.5767520540290516,2,23,0,38,6,0,59,1,85,31,37,17,0.165,1.902,4.88,7.031,5.624,baja_sin_prioridad
Panamá,2021,30,Tierras de Cultivo y Pastos,31.0,Cultivos intensivos No-Arbóreos,313.0,Caña de azúcar,5622,5622,2,9.0,27.0,3.5,0.6047664207910564,0.44592843783503816,0,0,0,368,1,0,221,0,371,114,107,150,0.0,0.0,3.931,6.599,3.931,baja_sin_prioridad
México,2020,30,Tierras de Cultivo y Pastos,31.0,Cultivos intensivos No-Arbóreos,315.0,Otros cultivos intensivos no arbóreos,31,16,1,12.0,29.0,10.0,0.5514182280326179,0.3880735603365472,0,0,0,2,0,0,0,0,2,0,0,2,0.0,0.0,0.0,6.452,0.0,baja_sin_prioridad
Panamá,2021,30,Tierras de Cultivo y Pastos,31.0,Cultivos intensivos No-Arbóreos,312.0,Bananeras,2042,2042,2,11.0,28.0,9.0,0.8070830955987959,0.6182968954870318,0,0,0,3,0,0,131,0,131,3,128,0,0.0,0.0,6.415,6.415,6.415,baja_sin_prioridad
Panamá,2021,40,Tierras Forestales,41.0,Bosque latifoliado y mixto,412.0,Latifoliado secundario húmedo,951,951,1,9.0,20.0,6.5,0.8182293420854247,0.5995167158772162,0,13,0,1,0,0,45,0,57,2,50,5,0.0,1.367,4.732,5.994,5.468,baja_sin_prioridad
Guatemala,2020,30,Tierras de Cultivo y Pastos,31.0,Cultivos intensivos No-Arbóreos,314.0,Piña,2069,2069,1,12.0,43.0,3.0,0.6364538343865911,0.44130311683369416,0,0,0,122,1,0,61,0,122,48,13,61,0.0,0.0,2.948,5.897,2.948,baja_sin_prioridad
México,2019,40,Tierras Forestales,41.0,Bosque latifoliado y mixto,410.0,Bosque latifoliado y mixto,859,851,4,12.0,47.0,4.5,0.8114559116278725,0.5905827018014359,0,0,0,4,0,0,50,0,50,4,46,0,0.0,0.0,5.821,5.821,5.821,baja_sin_prioridad
Costa Rica,2019,30,Tierras de Cultivo y Pastos,31.0,Cultivos intensivos No-Arbóreos,311.0,Palma aceitera,11844,11844,1,12.0,32.0,2.5,0.860997939571957,0.6664167331250166,0,0,0,1,0,0,686,0,686,1,685,0,0.0,0.0,5.792,5.792,5.792,baja_sin_prioridad
Guatemala,2020,30,Tierras de Cultivo y Pastos,31.0,Cultivos intensivos No-Arbóreos,312.0,Bananeras,12263,12263,1,12.0,60.0,7.0,0.7933128695990432,0.5986855531804712,0,0,0,211,8,0,668,0,668,209,459,0,0.0,0.0,5.447,5.447,5.447,baja_sin_prioridad
Honduras,2019,20,Tierras húmedas y agua,21.0,Cuerpos de Agua,210.0,Cuerpos de Agua,147,147,1,12.0,48.0,4.0,0.0082132529707155,-0.0650678805347415,0,0,0,0,0,0,0,8,8,0,8,0,0.0,0.0,0.0,5.442,5.442,baja_sin_prioridad
Guatemala,2020,30,Tierras de Cultivo y Pastos,31.0,Cultivos intensivos No-Arbóreos,313.0,Caña de azúcar,51753,51753,1,12.0,46.0,5.75,0.682834143421667,0.5115425587163592,0,0,0,1308,8,0,2616,0,2616,1268,1348,0,0.0,0.0,5.055,5.055,5.055,baja_sin_prioridad
El Salvador,2019,30,Tierras de Cultivo y Pastos,33.0,"Cultivos extensivos, Pastizales y matorrales",331.0,Granos básicos y hortalizas y otros,20,20,1,12.0,63.5,1.0,0.5174382213812425,0.41261216721015914,0,0,0,1,0,0,0,0,1,0,0,1,0.0,0.0,0.0,5.0,0.0,baja_sin_prioridad
Honduras,2022,40,Tierras Forestales,41.0,Bosque latifoliado y mixto,413.0,Bosque Mixto (Lat-Coniferas),863,863,1,11.0,31.0,1.75,0.7711440609137368,0.5332414248453574,0,0,0,3,0,0,23,20,43,3,40,0,0.0,0.0,2.665,4.983,4.983,baja_sin_prioridad
Honduras,2019,40,Tierras Forestales,41.0,Bosque latifoliado y mixto,413.0,Bosque Mixto (Lat-Coniferas),870,870,1,12.0,38.0,1.75,0.7499372234644831,0.5157100066154361,0,0,0,3,0,0,16,27,43,3,40,0,0.0,0.0,1.839,4.943,4.943,baja_sin_prioridad
Guatemala,2020,30,Tierras de Cultivo y Pastos,32.0,Cultivos Arbóreos,322.0,Cacao,558,558,1,12.0,36.0,3.75,0.786746932998982,0.5723111055003394,0,0,0,1,0,0,27,0,27,1,26,0,0.0,0.0,4.839,4.839,4.839,baja_sin_prioridad
Honduras,2020,40,Tierras Forestales,41.0,Bosque latifoliado y mixto,413.0,Bosque Mixto (Lat-Coniferas),868,868,1,11.0,33.5,2.5,0.7469788470012497,0.5212091126958451,0,0,0,2,0,0,17,25,42,2,40,0,0.0,0.0,1.959,4.839,4.839,baja_sin_prioridad
El Salvador,2018,40,Tierras Forestales,43.0,Manglares,430.0,Manglares,9875,9875,3,4.0,11.0,3.5,0.8443361054729526,0.5781517769175064,0,0,0,68,4,0,277,240,461,112,349,0,0.0,0.0,2.805,4.668,4.668,baja_sin_prioridad
México,2019,40,Tierras Forestales,41.0,Bosque latifoliado y mixto,412.0,Latifoliado secundario húmedo,43,43,3,12.0,60.0,2.25,0.811531954667496,0.5904658496331553,0,0,0,0,0,0,2,0,2,0,2,0,0.0,0.0,4.651,4.651,4.651,baja_sin_prioridad
Guatemala,2019,30,Tierras de Cultivo y Pastos,33.0,"Cultivos extensivos, Pastizales y matorrales",332.0,Pastizales naturales y cultivados,87,87,2,12.0,51.0,2.75,0.6267240755336494,0.4381090092698725,0,0,0,0,0,0,4,0,4,0,4,0,0.0,0.0,4.598,4.598,4.598,baja_sin_prioridad
Panamá,2021,40,Tierras Forestales,43.0,Manglares,430.0,Manglares,109,109,1,10.0,25.0,5.5,0.8255736476075459,0.5974053149194393,0,0,0,1,0,0,5,0,5,1,4,0,0.0,0.0,4.587,4.587,4.587,baja_sin_prioridad
Panamá,2021,40,Tierras Forestales,41.0,Bosque latifoliado y mixto,410.0,Bosque latifoliado y mixto,22,22,2,10.0,22.0,1.375,0.8649362144736442,0.638537933193029,0,0,0,0,0,0,1,0,1,0,1,0,0.0,0.0,4.545,4.545,4.545,baja_sin_prioridad
Honduras,2021,40,Tierras Forestales,41.0,Bosque latifoliado y mixto,413.0,Bosque Mixto (Lat-Coniferas),865,865,1,11.0,34.0,1.5,0.7630513987268461,0.5258755048817834,0,0,0,3,0,0,16,22,38,3,35,0,0.0,0.0,1.85,4.393,4.393,baja_sin_prioridad
Honduras,2022,20,Tierras húmedas y agua,22.0,Humedales,220.0,Humedales,474,474,1,10.0,26.0,7.5,0.5462041119911627,0.37569941670439333,0,2,0,0,0,0,17,1,20,0,19,1,0.0,0.422,3.586,4.219,4.008,baja_sin_prioridad
Honduras,2019,20,Tierras húmedas y agua,22.0,Humedales,220.0,Humedales,476,476,1,12.0,41.5,8.0,0.529831010994936,0.3714280804910687,0,0,0,0,0,0,16,3,19,0,19,0,0.0,0.0,3.361,3.992,3.992,baja_sin_prioridad
Honduras,2019,40,Tierras Forestales,42.0,Bosque de coníferas,420.0,Bosque de coníferas,3005,3005,1,11.0,35.0,2.0,0.6437534343020392,0.4366236560862776,0,0,0,40,1,0,15,73,111,7,80,24,0.0,0.0,0.499,3.694,2.895,baja_sin_prioridad
Panamá,2021,30,Tierras de Cultivo y Pastos,33.0,"Cultivos extensivos, Pastizales y matorrales",333.0,Matorrales (barbecho o en descanso),305,305,1,9.0,24.0,3.875,0.778953001337285,0.5370605227788949,1,0,0,1,0,0,10,0,11,2,9,0,0.328,0.0,3.279,3.607,3.607,baja_sin_prioridad
Panamá,2021,30,Tierras de Cultivo y Pastos,33.0,"Cultivos extensivos, Pastizales y matorrales",332.0,Pastizales naturales y cultivados,1163,1163,2,9.0,24.0,5.0,0.680441737902394,0.4709976798143851,0,1,0,21,4,0,31,0,32,20,11,1,0.0,0.086,2.666,2.752,2.666,baja_sin_prioridad
Honduras,2021,20,Tierras húmedas y agua,22.0,Humedales,220.0,Humedales,474,474,1,11.0,35.0,8.0,0.5341969228335985,0.3697472890740551,0,0,0,0,0,0,13,1,13,1,12,0,0.0,0.0,2.743,2.743,2.743,baja_sin_prioridad
Honduras,2020,40,Tierras Forestales,42.0,Bosque de coníferas,420.0,Bosque de coníferas,2986,2986,1,11.0,32.0,2.5,0.6505885052919382,0.447408174324819,0,0,0,25,0,0,18,54,77,9,61,7,0.0,0.0,0.603,2.579,2.344,baja_sin_prioridad
Honduras,2020,20,Tierras húmedas y agua,22.0,Humedales,220.0,Humedales,474,474,1,11.0,32.0,8.0,0.5358712138133235,0.37181305847253665,0,0,0,0,0,0,10,1,11,0,11,0,0.0,0.0,2.11,2.321,2.321,baja_sin_prioridad
México,2019,30,Tierras de Cultivo y Pastos,33.0,"Cultivos extensivos, Pastizales y matorrales",333.0,Matorrales (barbecho o en descanso),184,182,4,12.0,48.0,3.75,0.7970502942491109,0.5644862901761212,0,0,0,0,0,0,4,0,4,0,4,0,0.0,0.0,2.174,2.174,2.174,baja_sin_prioridad
Honduras,2021,40,Tierras Forestales,42.0,Bosque de coníferas,420.0,Bosque de coníferas,2973,2973,1,11.0,32.0,2.0,0.6635582887743324,0.45262842583286894,0,0,0,21,0,0,15,41,62,10,46,6,0.0,0.0,0.505,2.085,1.884,baja_sin_prioridad
Honduras,2022,40,Tierras Forestales,42.0,Bosque de coníferas,420.0,Bosque de coníferas,2960,2960,1,11.0,29.0,2.0,0.6841765206521001,0.4652146014082272,0,0,0,17,0,0,32,28,59,14,45,0,0.0,0.0,1.081,1.993,1.993,baja_sin_prioridad
Panamá,2021,30,Tierras de Cultivo y Pastos,31.0,Cultivos intensivos No-Arbóreos,314.0,Piña,414,414,2,10.0,28.0,14.0,0.6622940282549108,0.47081415020702244,0,0,0,8,0,0,8,0,8,3,5,0,0.0,0.0,1.932,1.932,1.932,baja_sin_prioridad
México,2019,30,Tierras de Cultivo y Pastos,33.0,"Cultivos extensivos, Pastizales y matorrales",332.0,Pastizales naturales y cultivados,108,108,4,12.0,48.0,3.5,0.6748112261955561,0.4686674168544458,0,0,0,2,0,0,0,0,2,0,0,2,0.0,0.0,0.0,1.852,0.0,baja_sin_prioridad
Panamá,2021,20,Tierras húmedas y agua,21.0,Cuerpos de Agua,210.0,Cuerpos de Agua,78,78,1,10.0,23.0,5.625,0.04166137554959905,0.05344921018048275,0,0,0,0,0,0,0,0,0,0,0,0,0.0,0.0,0.0,0.0,0.0,baja_sin_prioridad
México,2019,40,Tierras Forestales,41.0,Bosque latifoliado y mixto,413.0,Bosque Mixto (Lat-Coniferas),35,35,1,12.0,50.0,1.0,0.7377577856026956,0.5162113729570191,0,0,0,0,0,0,0,0,0,0,0,0,0.0,0.0,0.0,0.0,0.0,baja_sin_prioridad
Guatemala,2019,40,Tierras Forestales,41.0,Bosque latifoliado y mixto,410.0,Bosque latifoliado y mixto,19,19,2,12.0,50.0,1.25,0.8413215449046068,0.6252614486487207,0,0,0,0,0,0,0,0,0,0,0,0,0.0,0.0,0.0,0.0,0.0,baja_sin_prioridad
México,2020,30,Tierras de Cultivo y Pastos,31.0,Cultivos intensivos No-Arbóreos,311.0,Palma aceitera,19,13,1,12.0,31.0,10.5,0.8567722551798809,0.6628083735109431,0,0,0,0,0,0,0,0,0,0,0,0,0.0,0.0,0.0,0.0,0.0,baja_sin_prioridad
Nicaragua,2021,30,Tierras de Cultivo y Pastos,33.0,"Cultivos extensivos, Pastizales y matorrales",332.0,Pastizales naturales y cultivados,19,19,2,10.0,38.0,14.0,0.7968488941228733,0.5749054730264617,0,0,0,0,0,0,0,0,0,0,0,0,0.0,0.0,0.0,0.0,0.0,baja_sin_prioridad
El Salvador,2019,30,Tierras de Cultivo y Pastos,33.0,"Cultivos extensivos, Pastizales y matorrales",332.0,Pastizales naturales y cultivados,17,17,1,12.0,53.0,2.75,0.7016297712639381,0.4956235769513591,0,0,0,0,0,0,0,0,0,0,0,0,0.0,0.0,0.0,0.0,0.0,baja_sin_prioridad
Guatemala,2019,30,Tierras de Cultivo y Pastos,32.0,Cultivos Arbóreos,325.0,Otros sistemas agroforestales o silvopastoriles,17,17,2,12.0,53.0,2.5,0.737081096020358,0.5334599744166576,0,0,0,0,0,0,0,0,0,0,0,0,0.0,0.0,0.0,0.0,0.0,baja_sin_prioridad
Panamá,2021,20,Tierras húmedas y agua,22.0,Humedales,220.0,Humedales,16,16,1,10.0,23.0,6.75,0.6867376251992112,0.4570134017482259,0,0,0,0,0,0,0,0,0,0,0,0,0.0,0.0,0.0,0.0,0.0,baja_sin_prioridad
Guatemala,2019,20,Tierras húmedas y agua,21.0,Cuerpos de Agua,211.0,Cuerpos de agua natural,15,15,2,12.0,52.0,4.5,0.5185779697243755,0.41024164857226575,0,0,0,0,0,0,0,0,0,0,0,0,0.0,0.0,0.0,0.0,0.0,baja_sin_prioridad
Guatemala,2019,30,Tierras de Cultivo y Pastos,32.0,Cultivos Arbóreos,321.0,Café,10,10,2,12.0,41.0,1.0,0.8591360128927104,0.6310983036939226,0,0,0,0,0,0,0,0,0,0,0,0,0.0,0.0,0.0,0.0,0.0,baja_sin_prioridad
Guatemala,2019,40,Tierras Forestales,44.0,Otros arbóreo en tierras no agrícola,443.0,Árboles fuera de bosque y otras áreas naturales,10,10,2,12.0,51.0,3.75,0.8168535466982632,0.5757624148406787,0,0,0,0,0,0,0,0,0,0,0,0,0.0,0.0,0.0,0.0,0.0,baja_sin_prioridad
Panamá,2021,10,Artificializado y otra tierras,12.0,Otras tierras,121.0,Otros artificializado,10,10,1,10.0,28.5,11.875,0.04222710274772607,0.021326025219961874,0,0,0,0,0,0,0,0,0,0,0,0,0.0,0.0,0.0,0.0,0.0,baja_sin_prioridad
Panamá,2021,40,Tierras Forestales,44.0,Otros arbóreo en tierras no agrícola,445.0,Bosque de Palmas,10,10,1,10.5,29.5,8.5,0.8223374004661297,0.6044854551974859,0,0,0,0,0,0,0,0,0,0,0,0,0.0,0.0,0.0,0.0,0.0,baja_sin_prioridad
Guatemala,2019,30,Tierras de Cultivo y Pastos,32.0,Cultivos Arbóreos,323.0,Frutales,9,9,1,12.0,54.0,2.5,0.747430722716947,0.4960511344463385,0,0,0,0,0,0,0,0,0,0,0,0,0.0,0.0,0.0,0.0,0.0,baja_sin_prioridad
El Salvador,2019,30,Tierras de Cultivo y Pastos,31.0,Cultivos intensivos No-Arbóreos,313.0,Caña de azúcar,8,8,1,12.0,90.0,2.375,0.7145760499654803,0.5418330318465401,0,0,0,0,0,0,0,0,0,0,0,0,0.0,0.0,0.0,0.0,0.0,baja_sin_prioridad
México,2019,40,Tierras Forestales,42.0,Bosque de coníferas,420.0,Bosque de coníferas,8,8,1,11.0,67.0,1.625,0.7450373406433928,0.5261895020564684,0,0,0,0,0,0,0,0,0,0,0,0,0.0,0.0,0.0,0.0,0.0,baja_sin_prioridad
México,2020,30,Tierras de Cultivo y Pastos,32.0,Cultivos Arbóreos,321.0,Café,8,8,1,12.0,42.0,3.625,0.7858912470720862,0.5754944094682358,0,0,0,0,0,0,0,0,0,0,0,0,0.0,0.0,0.0,0.0,0.0,baja_sin_prioridad
El Salvador,2019,40,Tierras Forestales,41.0,Bosque latifoliado y mixto,410.0,Bosque latifoliado y mixto,7,7,1,12.0,82.0,1.0,0.8329160027316185,0.60684842775329,0,0,0,0,0,0,0,0,0,0,0,0,0.0,0.0,0.0,0.0,0.0,baja_sin_prioridad
Belice,2020,30,Tierras de Cultivo y Pastos,31.0,Cultivos intensivos No-Arbóreos,311.0,Palma aceitera,6,6,1,12.0,52.5,8.375,0.7164625703190906,0.49465592688357335,0,0,0,0,0,0,0,0,0,0,0,0,0.0,0.0,0.0,0.0,0.0,baja_sin_prioridad
Costa Rica,2021,30,Tierras de Cultivo y Pastos,31.0,Cultivos intensivos No-Arbóreos,311.0,Palma aceitera,6,6,1,11.0,20.0,2.0,0.854041797168116,0.6268545788121156,0,0,0,0,0,0,0,0,0,0,0,0,0.0,0.0,0.0,0.0,0.0,baja_sin_prioridad
El Salvador,2019,40,Tierras Forestales,44.0,Otros arbóreo en tierras no agrícola,443.0,Árboles fuera de bosque y otras áreas naturales,6,6,1,12.0,66.5,5.375,0.7433833634143081,0.5292675137837584,0,0,0,0,0,0,0,0,0,0,0,0,0.0,0.0,0.0,0.0,0.0,baja_sin_prioridad
Nicaragua,2021,20,Tierras húmedas y agua,22.0,Humedales,220.0,Humedales,6,6,1,10.0,31.5,10.75,0.6394232656890357,0.4488233009719502,0,0,0,0,0,0,0,0,0,0,0,0,0.0,0.0,0.0,0.0,0.0,baja_sin_prioridad
Panamá,2021,30,Tierras de Cultivo y Pastos,32.0,Cultivos Arbóreos,321.0,Café,6,6,1,8.0,23.5,4.0,0.7621919422624718,0.5013425047638557,0,0,0,0,0,0,0,0,0,0,0,0,0.0,0.0,0.0,0.0,0.0,baja_sin_prioridad
El Salvador,2019,90,Otras,91.0,Otras,910.0,Otras,5,5,1,11.0,85.0,2.75,0.6309793646061731,0.4444815074579631,0,0,0,0,0,0,0,0,0,0,0,0,0.0,0.0,0.0,0.0,0.0,baja_sin_prioridad
El Salvador,2020,30,Tierras de Cultivo y Pastos,31.0,Cultivos intensivos No-Arbóreos,312.0,Bananeras,5,5,1,12.0,50.0,3.0,0.6194231854974952,0.46513899226051364,0,0,0,0,0,0,0,0,0,0,0,0,0.0,0.0,0.0,0.0,0.0,baja_sin_prioridad
Guatemala,2019,30,Tierras de Cultivo y Pastos,31.0,Cultivos intensivos No-Arbóreos,311.0,Palma aceitera,5,5,2,12.0,51.0,7.0,0.7775927040030206,0.5894916538711068,0,0,0,0,0,0,0,0,0,0,0,0,0.0,0.0,0.0,0.0,0.0,baja_sin_prioridad
México,2020,30,Tierras de Cultivo y Pastos,31.0,Cultivos intensivos No-Arbóreos,312.0,Bananeras,5,5,1,12.0,39.0,6.5,0.7804032383537267,0.5641299078940609,0,0,0,0,0,0,0,0,0,0,0,0,0.0,0.0,0.0,0.0,0.0,baja_sin_prioridad
Nicaragua,2019,20,Tierras húmedas y agua,21.0,Cuerpos de Agua,210.0,Cuerpos de Agua,5,5,1,11.0,27.0,3.5,-0.154228855721393,-0.1626831148804935,0,0,0,0,0,0,0,0,0,0,0,0,0.0,0.0,0.0,0.0,0.0,baja_sin_prioridad
Nicaragua,2020,20,Tierras húmedas y agua,21.0,Cuerpos de Agua,210.0,Cuerpos de Agua,5,5,1,11.0,28.0,3.5,-0.0792442686666253,-0.1085255869904333,0,0,0,0,0,0,0,0,0,0,0,0,0.0,0.0,0.0,0.0,0.0,baja_sin_prioridad
Nicaragua,2021,20,Tierras húmedas y agua,21.0,Cuerpos de Agua,210.0,Cuerpos de Agua,5,5,1,12.0,28.0,3.75,-0.1697854586733758,-0.2257809223887715,0,0,0,0,0,0,0,0,0,0,0,0,0.0,0.0,0.0,0.0,0.0,baja_sin_prioridad
Nicaragua,2022,20,Tierras húmedas y agua,21.0,Cuerpos de Agua,210.0,Cuerpos de Agua,5,5,1,11.0,28.0,2.5,-0.15901729902480427,-0.1691832262638553,0,0,0,0,0,0,0,0,0,0,0,0,0.0,0.0,0.0,0.0,0.0,baja_sin_prioridad
Panamá,2021,30,Tierras de Cultivo y Pastos,32.0,Cultivos Arbóreos,325.0,Otros sistemas agroforestales o silvopastoriles,5,5,1,9.0,28.0,4.0,0.7533762000578292,0.5694575646998647,0,0,0,0,0,0,0,0,0,0,0,0,0.0,0.0,0.0,0.0,0.0,baja_sin_prioridad
Guatemala,2018,40,Tierras Forestales,42.0,Bosque de coníferas,420.0,Bosque de coníferas,4,4,1,4.0,11.0,1.5,0.772624950835831,0.5699561821679406,0,0,0,0,0,0,0,0,0,0,0,0,0.0,0.0,0.0,0.0,0.0,baja_sin_prioridad
México,2019,20,Tierras húmedas y agua,22.0,Humedales,220.0,Humedales,4,4,1,12.0,47.0,3.75,0.673395420836239,0.45407031974866163,0,0,0,0,0,0,0,0,0,0,0,0,0.0,0.0,0.0,0.0,0.0,baja_sin_prioridad
México,2019,40,Tierras Forestales,43.0,Manglares,430.0,Manglares,4,4,1,12.0,45.5,1.5,0.8261243437490067,0.5024573050801875,0,0,0,0,0,0,0,0,0,0,0,0,0.0,0.0,0.0,0.0,0.0,baja_sin_prioridad
México,2019,40,Tierras Forestales,44.0,Otros arbóreo en tierras no agrícola,445.0,Bosque de Palmas,4,4,1,11.0,55.0,7.75,0.7033646162673243,0.461027862917822,0,0,0,0,0,0,0,0,0,0,0,0,0.0,0.0,0.0,0.0,0.0,baja_sin_prioridad
Panamá,2019,30,Tierras de Cultivo y Pastos,31.0,Cultivos intensivos No-Arbóreos,311.0,Palma aceitera,4,4,1,11.5,26.0,2.625,0.8329630800089083,0.6211623277763212,0,0,0,0,0,0,0,0,0,0,0,0,0.0,0.0,0.0,0.0,0.0,baja_sin_prioridad
El Salvador,2019,30,Tierras de Cultivo y Pastos,33.0,"Cultivos extensivos, Pastizales y matorrales",333.0,Matorrales (barbecho o en descanso),3,3,1,12.0,84.0,1.5,0.6727002132700614,0.4749661982252761,0,0,0,0,0,0,0,0,0,0,0,0,0.0,0.0,0.0,0.0,0.0,baja_sin_prioridad
Panamá,2021,30,Tierras de Cultivo y Pastos,32.0,Cultivos Arbóreos,323.0,Frutales,3,3,1,6.0,14.0,3.5,0.6790646978520976,0.4413729489456688,0,0,0,0,0,0,0,0,0,0,0,0,0.0,0.0,0.0,0.0,0.0,baja_sin_prioridad
El Salvador,2019,40,Tierras Forestales,44.0,Otros arbóreo en tierras no agrícola,441.0,Masa arbórea ribereña,2,2,1,11.5,45.0,2.125,0.6656400249284483,0.4988791018778427,0,0,0,0,0,0,0,0,0,0,0,0,0.0,0.0,0.0,0.0,0.0,baja_sin_prioridad
El Salvador,2020,30,Tierras de Cultivo y Pastos,32.0,Cultivos Arbóreos,321.0,Café,2,2,1,12.0,71.0,1.375,0.7951951725380884,0.5958519949018641,0,0,0,0,0,0,0,0,0,0,0,0,0.0,0.0,0.0,0.0,0.0,baja_sin_prioridad
Panamá,2021,90,Otras,91.0,Otras,910.0,Otras,2,2,1,7.5,39.0,1.0,0.6599222969328428,0.4500398866237729,0,0,0,0,0,0,0,0,0,0,0,0,0.0,0.0,0.0,0.0,0.0,baja_sin_prioridad
El Salvador,2019,30,Tierras de Cultivo y Pastos,32.0,Cultivos Arbóreos,323.0,Frutales,1,1,1,11.0,41.0,2.0,0.6832412523020257,0.5173047473200613,0,0,0,0,0,0,0,0,0,0,0,0,0.0,0.0,0.0,0.0,0.0,baja_sin_prioridad
El Salvador,2019,40,Tierras Forestales,41.0,Bosque latifoliado y mixto,414.0,Bosque seco o deciduo,1,1,1,12.0,51.0,2.0,0.8177638335687223,0.599834138834749,0,0,0,0,0,0,0,0,0,0,0,0,0.0,0.0,0.0,0.0,0.0,baja_sin_prioridad
El Salvador,2020,40,Tierras Forestales,41.0,Bosque latifoliado y mixto,414.0,Bosque seco o deciduo,1,1,1,12.0,48.0,3.25,0.6557431267777714,0.4711768747137483,0,0,0,0,0,0,0,0,0,0,0,0,0.0,0.0,0.0,0.0,0.0,baja_sin_prioridad
El Salvador,2021,40,Tierras Forestales,41.0,Bosque latifoliado y mixto,414.0,Bosque seco o deciduo,1,1,1,12.0,41.0,2.0,0.8243532160817362,0.6038569962901796,0,0,0,0,0,0,0,0,0,0,0,0,0.0,0.0,0.0,0.0,0.0,baja_sin_prioridad
El Salvador,2022,40,Tierras Forestales,41.0,Bosque latifoliado y mixto,414.0,Bosque seco o deciduo,1,1,1,12.0,45.0,2.0,0.7298851077149074,0.5551079873150171,0,0,0,0,0,0,0,0,0,0,0,0,0.0,0.0,0.0,0.0,0.0,baja_sin_prioridad
Guatemala,2019,40,Tierras Forestales,42.0,Bosque de coníferas,420.0,Bosque de coníferas,1,1,1,11.0,46.0,1.0,0.8761061946902654,0.6616598430182759,0,0,0,0,0,0,0,0,0,0,0,0,0.0,0.0,0.0,0.0,0.0,baja_sin_prioridad
Guatemala,2019,40,Tierras Forestales,44.0,Otros arbóreo en tierras no agrícola,441.0,Masa arbórea ribereña,1,1,1,12.0,51.0,1.25,0.7887755406046653,0.5686777973553072,0,0,0,0,0,0,0,0,0,0,0,0,0.0,0.0,0.0,0.0,0.0,baja_sin_prioridad
Guatemala,2019,40,Tierras Forestales,44.0,Otros arbóreo en tierras no agrícola,442.0,Plantaciones forestales,1,1,1,12.0,50.0,2.5,0.7254602553581216,0.5109467023777502,0,0,0,0,0,0,0,0,0,0,0,0,0.0,0.0,0.0,0.0,0.0,baja_sin_prioridad
Nicaragua,2018,40,Tierras Forestales,43.0,Manglares,430.0,Manglares,1,1,1,4.0,10.0,1.0,0.9555163881265133,0.7016007374501243,0,0,0,0,0,0,0,0,0,0,0,0,0.0,0.0,0.0,0.0,0.0,baja_sin_prioridad
Nicaragua,2019,30,Tierras de Cultivo y Pastos,31.0,Cultivos intensivos No-Arbóreos,311.0,Palma aceitera,1,1,1,8.0,37.0,13.5,0.7085229294337212,0.5523177650768359,0,0,0,0,0,0,0,0,0,0,0,0,0.0,0.0,0.0,0.0,0.0,baja_sin_prioridad
Nicaragua,2019,30,Tierras de Cultivo y Pastos,33.0,"Cultivos extensivos, Pastizales y matorrales",332.0,Pastizales naturales y cultivados,1,1,1,12.0,124.0,13.5,0.837103411880455,0.6247476149491314,0,0,0,0,0,0,0,0,0,0,0,0,0.0,0.0,0.0,0.0,0.0,baja_sin_prioridad
Nicaragua,2019,40,Tierras Forestales,43.0,Manglares,430.0,Manglares,1,1,1,12.0,53.0,2.0,0.8958285189561401,0.6358226712301365,0,0,0,0,0,0,0,0,0,0,0,0,0.0,0.0,0.0,0.0,0.0,baja_sin_prioridad
Nicaragua,2020,30,Tierras de Cultivo y Pastos,33.0,"Cultivos extensivos, Pastizales y matorrales",332.0,Pastizales naturales y cultivados,1,1,1,12.0,87.0,12.75,0.6402297564195581,0.47794234432487426,0,0,0,0,0,0,0,0,0,0,0,0,0.0,0.0,0.0,0.0,0.0,baja_sin_prioridad
Nicaragua,2020,40,Tierras Forestales,43.0,Manglares,430.0,Manglares,1,1,1,12.0,49.0,2.75,0.9104663881847423,0.658872441188271,0,0,0,0,0,0,0,0,0,0,0,0,0.0,0.0,0.0,0.0,0.0,baja_sin_prioridad
Nicaragua,2021,40,Tierras Forestales,41.0,Bosque latifoliado y mixto,410.0,Bosque latifoliado y mixto,1,1,1,10.0,17.0,20.5,0.7595209546868165,0.5451081700256757,0,0,0,0,0,0,0,0,0,0,0,0,0.0,0.0,0.0,0.0,0.0,baja_sin_prioridad
Nicaragua,2021,40,Tierras Forestales,43.0,Manglares,430.0,Manglares,1,1,1,12.0,54.0,2.0,0.9156642024129418,0.654325338360622,0,0,0,0,0,0,0,0,0,0,0,0,0.0,0.0,0.0,0.0,0.0,baja_sin_prioridad
Nicaragua,2022,30,Tierras de Cultivo y Pastos,33.0,"Cultivos extensivos, Pastizales y matorrales",332.0,Pastizales naturales y cultivados,1,1,1,12.0,76.0,11.75,0.8018609586629917,0.568143945341659,0,0,0,0,0,0,0,0,0,0,0,0,0.0,0.0,0.0,0.0,0.0,baja_sin_prioridad
Nicaragua,2022,40,Tierras Forestales,43.0,Manglares,430.0,Manglares,1,1,1,12.0,44.0,3.25,0.9112853869313686,0.66692047747381,0,0,0,0,0,0,0,0,0,0,0,0,0.0,0.0,0.0,0.0,0.0,baja_sin_prioridad
